/*
Navicat MySQL Data Transfer

Source Server         : 服务器
Source Server Version : 50527
Source Host           : 115.28.162.47:3306
Source Database       : lovebeauty

Target Server Type    : MYSQL
Target Server Version : 50527
File Encoding         : 65001

Date: 2015-06-22 12:49:15
*/

SET FOREIGN_KEY_CHECKS=0;

-- ----------------------------
-- Table structure for `advertisement`
-- ----------------------------
DROP TABLE IF EXISTS `advertisement`;
CREATE TABLE `advertisement` (
  `id` int(11) NOT NULL AUTO_INCREMENT COMMENT '主键',
  `type` varchar(4) COLLATE utf8_bin NOT NULL DEFAULT '' COMMENT '广告类型 外部链接 内部链接',
  `picName` varchar(100) COLLATE utf8_bin NOT NULL COMMENT '广告图片',
  `url` varchar(200) COLLATE utf8_bin NOT NULL COMMENT '广告链接',
  `backup` mediumtext COLLATE utf8_bin COMMENT '广告备注',
  `state` varchar(3) COLLATE utf8_bin DEFAULT '启用' COMMENT '广告状态 停用 使用中',
  `cityId` int(11) unsigned zerofill DEFAULT NULL COMMENT '内部链接的城市ID',
  `sellerId` int(11) unsigned zerofill DEFAULT NULL COMMENT '内部链接时的商铺Id',
  PRIMARY KEY (`id`)
) ENGINE=InnoDB AUTO_INCREMENT=16 DEFAULT CHARSET=utf8 COLLATE=utf8_bin;

-- ----------------------------
-- Records of advertisement
-- ----------------------------
INSERT INTO `advertisement` VALUES ('14', '内部链接', 'pic_ad_1434904477112.jpg', '54', 0xE6B58BE8AF95, '启用', '00000000001', '00000000013');
INSERT INTO `advertisement` VALUES ('15', '外部链接', 'pic_ad_1434904573432.jpg', 'www.baidu.com', 0x63657320, '启用', null, null);

-- ----------------------------
-- Table structure for `book_time`
-- ----------------------------
DROP TABLE IF EXISTS `book_time`;
CREATE TABLE `book_time` (
  `id` int(11) NOT NULL AUTO_INCREMENT COMMENT '主键',
  `empId` int(11) DEFAULT NULL COMMENT '手艺人Id',
  `today` varchar(12) COLLATE utf8_bin DEFAULT '000000000000',
  `tomorrow` varchar(12) COLLATE utf8_bin DEFAULT '000000000000',
  `afterTomorrow` varchar(12) COLLATE utf8_bin DEFAULT '000000000000',
  `bigDayAfterTomorrow` varchar(12) COLLATE utf8_bin DEFAULT '000000000000',
  PRIMARY KEY (`id`),
  KEY `fk_bt_empId` (`empId`),
  CONSTRAINT `fk_bt_empId` FOREIGN KEY (`empId`) REFERENCES `employee` (`id`) ON DELETE CASCADE
) ENGINE=InnoDB AUTO_INCREMENT=34 DEFAULT CHARSET=utf8 COLLATE=utf8_bin;

-- ----------------------------
-- Records of book_time
-- ----------------------------
INSERT INTO `book_time` VALUES ('2', '545', '000000000000', '000000000000', '000000000000', '000000000000');
INSERT INTO `book_time` VALUES ('3', '546', '000000000000', '000000000000', '000000000000', '000000000000');
INSERT INTO `book_time` VALUES ('4', '547', '000000000000', '000000000000', '000000000000', '000000000000');
INSERT INTO `book_time` VALUES ('5', '548', '000000000000', '000000000000', '000000000000', '000000000000');
INSERT INTO `book_time` VALUES ('6', '549', '000000000000', '000000000000', '000000000000', '000000000000');
INSERT INTO `book_time` VALUES ('7', '550', '000000000000', '000000000000', '000000000000', '000000000000');
INSERT INTO `book_time` VALUES ('8', '551', '000000000000', '000000000000', '000000000000', '000000000000');
INSERT INTO `book_time` VALUES ('9', '552', '000000000000', '000000000000', '000000000000', '000000000000');
INSERT INTO `book_time` VALUES ('10', '553', '000000000000', '000000000000', '000000000000', '000000000000');
INSERT INTO `book_time` VALUES ('11', '554', '000000000000', '000000000000', '000000000000', '000000000000');
INSERT INTO `book_time` VALUES ('12', '555', '000000000000', '000000000000', '000000000000', '000000000000');
INSERT INTO `book_time` VALUES ('13', '556', '000000000000', '000000000000', '000000000000', '000000000000');
INSERT INTO `book_time` VALUES ('14', '557', '000000000000', '000000000000', '000000000000', '000000000000');
INSERT INTO `book_time` VALUES ('15', '558', '000000000000', '000000000000', '000000000000', '000000000000');
INSERT INTO `book_time` VALUES ('16', '559', '000000000000', '000000000000', '000000000000', '000000000000');
INSERT INTO `book_time` VALUES ('17', '560', '000000000000', '000000000000', '000000000000', '000000000000');
INSERT INTO `book_time` VALUES ('18', '561', '000000000000', '000000000000', '000000000000', '000000000000');
INSERT INTO `book_time` VALUES ('19', '562', '000000000000', '000000000000', '000000000000', '000000000000');
INSERT INTO `book_time` VALUES ('20', '563', '000000000000', '000000000000', '000000000000', '000000000000');
INSERT INTO `book_time` VALUES ('21', '564', '000000000000', '000000000000', '000000000000', '000000000000');
INSERT INTO `book_time` VALUES ('22', '565', '000000000000', '000000000000', '000000000000', '000000000000');
INSERT INTO `book_time` VALUES ('23', '566', '000000000000', '000000000000', '000000000000', '000000000000');
INSERT INTO `book_time` VALUES ('24', '567', '000000000000', '000000000000', '000000000000', '000000000000');
INSERT INTO `book_time` VALUES ('33', '568', '111111111111', '000000000000', '000000000000', '000000000000');

-- ----------------------------
-- Table structure for `city`
-- ----------------------------
DROP TABLE IF EXISTS `city`;
CREATE TABLE `city` (
  `id` int(11) NOT NULL AUTO_INCREMENT COMMENT '主键',
  `name` varchar(50) COLLATE utf8_bin NOT NULL COMMENT '名字',
  `opentime` varchar(20) COLLATE utf8_bin DEFAULT '' COMMENT '开通日期',
  `stoptime` varchar(20) COLLATE utf8_bin DEFAULT NULL COMMENT '停用时间',
  `state` varchar(2) COLLATE utf8_bin DEFAULT '开通' COMMENT '城市状态 停用 开通',
  `serviceScope` mediumtext COLLATE utf8_bin COMMENT '服务范围',
  PRIMARY KEY (`id`),
  UNIQUE KEY `uk_city_name` (`name`) USING BTREE
) ENGINE=InnoDB AUTO_INCREMENT=1868 DEFAULT CHARSET=utf8 COLLATE=utf8_bin;

-- ----------------------------
-- Records of city
-- ----------------------------
INSERT INTO `city` VALUES ('1', '北京市', '2015-05-30 22:56:44', '', '开通', 0xE69C8DE58AA1E88C83E59BB4);
INSERT INTO `city` VALUES ('2', '天津市', '', '2015-06-20 02:48:01', '停用', 0xE69C8DE58AA1E88C83E59BB4);
INSERT INTO `city` VALUES ('3', '重庆市', '2015-05-24 16:41:20', '', '开通', 0xE69C8DE58AA1E88C83E59BB4);
INSERT INTO `city` VALUES ('26', '青岛市', '', '2015-05-30 22:56:40', '停用', 0xE69C8DE58AA1E88C83E59BB4);
INSERT INTO `city` VALUES ('53', '上海市', '', '2015-05-30 22:56:40', '停用', 0xE69C8DE58AA1E88C83E59BB4);
INSERT INTO `city` VALUES ('54', '石家庄市', '', '2015-05-30 22:56:40', '停用', 0xE69C8DE58AA1E88C83E59BB4);
INSERT INTO `city` VALUES ('55', '沈阳市', '', '2015-05-30 22:56:40', '停用', 0xE69C8DE58AA1E88C83E59BB4);
INSERT INTO `city` VALUES ('56', '哈尔滨市', '', '2015-05-30 22:56:40', '停用', 0xE69C8DE58AA1E88C83E59BB4);
INSERT INTO `city` VALUES ('58', '杭州市', '', '2015-05-30 22:56:40', '停用', 0xE69C8DE58AA1E88C83E59BB4);
INSERT INTO `city` VALUES ('59', '福州市', '', '2015-05-30 22:56:40', '停用', 0xE69C8DE58AA1E88C83E59BB4);
INSERT INTO `city` VALUES ('60', '济南市', '', '2015-05-30 22:56:40', '停用', 0xE69C8DE58AA1E88C83E59BB4);
INSERT INTO `city` VALUES ('61', '广州市', '', '2015-05-30 22:56:40', '停用', 0xE69C8DE58AA1E88C83E59BB4);
INSERT INTO `city` VALUES ('62', '武汉市', '', '2015-05-30 22:56:40', '停用', 0xE69C8DE58AA1E88C83E59BB4);
INSERT INTO `city` VALUES ('63', '成都市', '', '2015-05-30 22:56:40', '停用', 0xE69C8DE58AA1E88C83E59BB4);
INSERT INTO `city` VALUES ('64', '昆明市', '', '2015-05-30 22:56:40', '停用', 0xE69C8DE58AA1E88C83E59BB4);
INSERT INTO `city` VALUES ('65', '兰州市', '', '2015-05-30 22:56:40', '停用', 0xE69C8DE58AA1E88C83E59BB4);
INSERT INTO `city` VALUES ('66', '台北市', '', '2015-05-30 22:56:40', '停用', 0xE69C8DE58AA1E88C83E59BB4);
INSERT INTO `city` VALUES ('67', '南宁市', '', '2015-05-30 22:56:40', '停用', 0xE69C8DE58AA1E88C83E59BB4);
INSERT INTO `city` VALUES ('68', '太原市', '', '2015-05-30 22:56:40', '停用', 0xE69C8DE58AA1E88C83E59BB4);
INSERT INTO `city` VALUES ('69', '长春市', '', '2015-05-30 22:56:40', '停用', 0xE69C8DE58AA1E88C83E59BB4);
INSERT INTO `city` VALUES ('70', '南京市', '', '2015-05-30 22:56:40', '停用', 0xE69C8DE58AA1E88C83E59BB4);
INSERT INTO `city` VALUES ('71', '合肥市', '', '2015-05-30 22:56:40', '停用', 0xE69C8DE58AA1E88C83E59BB4);
INSERT INTO `city` VALUES ('72', '南昌市', '', '2015-05-30 22:56:40', '停用', 0xE69C8DE58AA1E88C83E59BB4);
INSERT INTO `city` VALUES ('73', '郑州市', '', '2015-05-30 22:56:40', '停用', 0xE69C8DE58AA1E88C83E59BB4);
INSERT INTO `city` VALUES ('74', '长沙市', '', '2015-05-30 22:56:40', '停用', 0xE69C8DE58AA1E88C83E59BB4);
INSERT INTO `city` VALUES ('75', '海口市', '', '2015-05-30 22:56:40', '停用', 0xE69C8DE58AA1E88C83E59BB4);
INSERT INTO `city` VALUES ('76', '贵阳市', '', '2015-05-30 22:56:40', '停用', 0xE69C8DE58AA1E88C83E59BB4);
INSERT INTO `city` VALUES ('77', '西安市', '', '2015-05-30 22:56:40', '停用', 0xE69C8DE58AA1E88C83E59BB4);
INSERT INTO `city` VALUES ('78', '西宁市', '', '2015-05-30 22:56:40', '停用', 0xE69C8DE58AA1E88C83E59BB4);
INSERT INTO `city` VALUES ('79', '呼和浩特市', '', '2015-05-30 22:56:40', '停用', 0xE69C8DE58AA1E88C83E59BB4);
INSERT INTO `city` VALUES ('80', '拉萨市', '', '2015-05-30 22:56:40', '停用', 0xE69C8DE58AA1E88C83E59BB4);
INSERT INTO `city` VALUES ('81', '乌鲁木齐市', '', '2015-05-30 22:56:40', '停用', 0xE69C8DE58AA1E88C83E59BB4);
INSERT INTO `city` VALUES ('1357', '厦门市', '', '2015-06-20 21:44:17', '停用', 0xE69C8DE58AA1E88C83E59BB4);
INSERT INTO `city` VALUES ('1358', '宁德市', '', '2015-06-20 21:44:17', '停用', 0xE69C8DE58AA1E88C83E59BB4);
INSERT INTO `city` VALUES ('1359', '漳州市', '', '2015-06-20 21:44:17', '停用', 0xE69C8DE58AA1E88C83E59BB4);
INSERT INTO `city` VALUES ('1360', '克拉玛依市', '', '2015-06-20 21:44:17', '停用', 0xE69C8DE58AA1E88C83E59BB4);
INSERT INTO `city` VALUES ('1361', '银川市', '', '2015-06-20 21:44:17', '停用', 0xE69C8DE58AA1E88C83E59BB4);
INSERT INTO `city` VALUES ('1362', '石嘴山市', '', '2015-06-20 21:44:17', '停用', 0xE69C8DE58AA1E88C83E59BB4);
INSERT INTO `city` VALUES ('1363', '吴忠市', '', '2015-06-20 21:44:17', '停用', 0xE69C8DE58AA1E88C83E59BB4);
INSERT INTO `city` VALUES ('1364', '固原市', '', '2015-06-20 21:44:17', '停用', 0xE69C8DE58AA1E88C83E59BB4);
INSERT INTO `city` VALUES ('1365', '中卫市', '', '2015-06-20 21:44:17', '停用', 0xE69C8DE58AA1E88C83E59BB4);
INSERT INTO `city` VALUES ('1366', '包头市', '', '2015-06-20 21:44:17', '停用', 0xE69C8DE58AA1E88C83E59BB4);
INSERT INTO `city` VALUES ('1367', '乌海市', '', '2015-06-20 21:44:17', '停用', 0xE69C8DE58AA1E88C83E59BB4);
INSERT INTO `city` VALUES ('1368', '赤峰市', '', '2015-06-20 21:44:17', '停用', 0xE69C8DE58AA1E88C83E59BB4);
INSERT INTO `city` VALUES ('1369', '通辽市', '', '2015-06-20 21:44:17', '停用', 0xE69C8DE58AA1E88C83E59BB4);
INSERT INTO `city` VALUES ('1370', '鄂尔多斯市', '', '2015-06-20 21:44:17', '停用', 0xE69C8DE58AA1E88C83E59BB4);
INSERT INTO `city` VALUES ('1371', '呼伦贝尔市', '', '2015-06-20 21:44:17', '停用', 0xE69C8DE58AA1E88C83E59BB4);
INSERT INTO `city` VALUES ('1372', '巴彦淖尔市', '', '2015-06-20 21:44:17', '停用', 0xE69C8DE58AA1E88C83E59BB4);
INSERT INTO `city` VALUES ('1373', '乌兰察布市', '', '2015-06-20 21:44:17', '停用', 0xE69C8DE58AA1E88C83E59BB4);
INSERT INTO `city` VALUES ('1374', '柳州市', '', '2015-06-20 21:44:17', '停用', 0xE69C8DE58AA1E88C83E59BB4);
INSERT INTO `city` VALUES ('1375', '桂林市', '', '2015-06-20 21:44:17', '停用', 0xE69C8DE58AA1E88C83E59BB4);
INSERT INTO `city` VALUES ('1376', '梧州市', '', '2015-06-20 21:44:17', '停用', 0xE69C8DE58AA1E88C83E59BB4);
INSERT INTO `city` VALUES ('1377', '北海市', '', '2015-06-20 21:44:17', '停用', 0xE69C8DE58AA1E88C83E59BB4);
INSERT INTO `city` VALUES ('1378', '崇左市', '', '2015-06-20 21:44:17', '停用', 0xE69C8DE58AA1E88C83E59BB4);
INSERT INTO `city` VALUES ('1379', '来宾市', '', '2015-06-20 21:44:17', '停用', 0xE69C8DE58AA1E88C83E59BB4);
INSERT INTO `city` VALUES ('1380', '贺州市', '', '2015-06-20 21:44:17', '停用', 0xE69C8DE58AA1E88C83E59BB4);
INSERT INTO `city` VALUES ('1381', '玉林市', '', '2015-06-20 21:44:17', '停用', 0xE69C8DE58AA1E88C83E59BB4);
INSERT INTO `city` VALUES ('1382', '百色市', '', '2015-06-20 21:44:17', '停用', 0xE69C8DE58AA1E88C83E59BB4);
INSERT INTO `city` VALUES ('1383', '河池市', '', '2015-06-20 21:44:17', '停用', 0xE69C8DE58AA1E88C83E59BB4);
INSERT INTO `city` VALUES ('1384', '钦州市', '', '2015-06-20 21:44:17', '停用', 0xE69C8DE58AA1E88C83E59BB4);
INSERT INTO `city` VALUES ('1385', '防城港市', '', '2015-06-20 21:44:17', '停用', 0xE69C8DE58AA1E88C83E59BB4);
INSERT INTO `city` VALUES ('1386', '贵港市', '', '2015-06-20 21:44:17', '停用', 0xE69C8DE58AA1E88C83E59BB4);
INSERT INTO `city` VALUES ('1387', '大庆市', '', '2015-06-20 21:44:17', '停用', 0xE69C8DE58AA1E88C83E59BB4);
INSERT INTO `city` VALUES ('1388', '齐齐哈尔市', '', '2015-06-20 21:44:17', '停用', 0xE69C8DE58AA1E88C83E59BB4);
INSERT INTO `city` VALUES ('1389', '佳木斯市', '', '2015-06-20 21:44:17', '停用', 0xE69C8DE58AA1E88C83E59BB4);
INSERT INTO `city` VALUES ('1390', '鸡西市', '', '2015-06-20 21:44:17', '停用', 0xE69C8DE58AA1E88C83E59BB4);
INSERT INTO `city` VALUES ('1391', '鹤岗市', '', '2015-06-20 21:44:17', '停用', 0xE69C8DE58AA1E88C83E59BB4);
INSERT INTO `city` VALUES ('1392', '双鸭山市', '', '2015-06-20 21:44:17', '停用', 0xE69C8DE58AA1E88C83E59BB4);
INSERT INTO `city` VALUES ('1393', '牡丹江市', '', '2015-06-20 21:44:17', '停用', 0xE69C8DE58AA1E88C83E59BB4);
INSERT INTO `city` VALUES ('1394', '伊春市', '', '2015-06-20 21:44:17', '停用', 0xE69C8DE58AA1E88C83E59BB4);
INSERT INTO `city` VALUES ('1395', '七台河市', '', '2015-06-20 21:44:17', '停用', 0xE69C8DE58AA1E88C83E59BB4);
INSERT INTO `city` VALUES ('1396', '黑河市', '', '2015-06-20 21:44:17', '停用', 0xE69C8DE58AA1E88C83E59BB4);
INSERT INTO `city` VALUES ('1397', '绥化市', '', '2015-06-20 21:44:17', '停用', 0xE69C8DE58AA1E88C83E59BB4);
INSERT INTO `city` VALUES ('1398', '加格达奇市', '', '2015-06-20 21:44:17', '停用', 0xE69C8DE58AA1E88C83E59BB4);
INSERT INTO `city` VALUES ('1399', '吉林市', '', '2015-06-20 21:44:17', '停用', 0xE69C8DE58AA1E88C83E59BB4);
INSERT INTO `city` VALUES ('1400', '四平市', '', '2015-06-20 21:44:17', '停用', 0xE69C8DE58AA1E88C83E59BB4);
INSERT INTO `city` VALUES ('1401', '辽源市', '', '2015-06-20 21:44:17', '停用', 0xE69C8DE58AA1E88C83E59BB4);
INSERT INTO `city` VALUES ('1402', '通化市', '', '2015-06-20 21:44:17', '停用', 0xE69C8DE58AA1E88C83E59BB4);
INSERT INTO `city` VALUES ('1403', '白山市', '', '2015-06-20 21:44:17', '停用', 0xE69C8DE58AA1E88C83E59BB4);
INSERT INTO `city` VALUES ('1404', '松原市', '', '2015-06-20 21:44:17', '停用', 0xE69C8DE58AA1E88C83E59BB4);
INSERT INTO `city` VALUES ('1405', '白城市', '', '2015-06-20 21:44:17', '停用', 0xE69C8DE58AA1E88C83E59BB4);
INSERT INTO `city` VALUES ('1406', '大连市', '', '2015-06-20 21:44:17', '停用', 0xE69C8DE58AA1E88C83E59BB4);
INSERT INTO `city` VALUES ('1407', '金州市', '', '2015-06-20 21:44:17', '停用', 0xE69C8DE58AA1E88C83E59BB4);
INSERT INTO `city` VALUES ('1408', '鞍山市', '', '2015-06-20 21:44:17', '停用', 0xE69C8DE58AA1E88C83E59BB4);
INSERT INTO `city` VALUES ('1409', '抚顺市', '', '2015-06-20 21:44:17', '停用', 0xE69C8DE58AA1E88C83E59BB4);
INSERT INTO `city` VALUES ('1410', '本溪市', '', '2015-06-20 21:44:17', '停用', 0xE69C8DE58AA1E88C83E59BB4);
INSERT INTO `city` VALUES ('1411', '丹东市', '', '2015-06-20 21:44:17', '停用', 0xE69C8DE58AA1E88C83E59BB4);
INSERT INTO `city` VALUES ('1412', '锦州市', '', '2015-06-20 21:44:17', '停用', 0xE69C8DE58AA1E88C83E59BB4);
INSERT INTO `city` VALUES ('1413', '营口市', '', '2015-06-20 21:44:17', '停用', 0xE69C8DE58AA1E88C83E59BB4);
INSERT INTO `city` VALUES ('1414', '阜新市', '', '2015-06-20 21:44:17', '停用', 0xE69C8DE58AA1E88C83E59BB4);
INSERT INTO `city` VALUES ('1415', '辽阳市', '', '2015-06-20 21:44:17', '停用', 0xE69C8DE58AA1E88C83E59BB4);
INSERT INTO `city` VALUES ('1416', '盘锦市', '', '2015-06-20 21:44:17', '停用', 0xE69C8DE58AA1E88C83E59BB4);
INSERT INTO `city` VALUES ('1417', '铁岭市', '', '2015-06-20 21:44:17', '停用', 0xE69C8DE58AA1E88C83E59BB4);
INSERT INTO `city` VALUES ('1418', '朝阳市', '', '2015-06-20 21:44:17', '停用', 0xE69C8DE58AA1E88C83E59BB4);
INSERT INTO `city` VALUES ('1419', '葫芦岛市', '', '2015-06-20 21:44:17', '停用', 0xE69C8DE58AA1E88C83E59BB4);
INSERT INTO `city` VALUES ('1420', '唐山市', '', '2015-06-20 21:44:17', '停用', 0xE69C8DE58AA1E88C83E59BB4);
INSERT INTO `city` VALUES ('1421', '邯郸市', '', '2015-06-20 21:44:17', '停用', 0xE69C8DE58AA1E88C83E59BB4);
INSERT INTO `city` VALUES ('1422', '秦皇岛市', '', '2015-06-20 21:44:17', '停用', 0xE69C8DE58AA1E88C83E59BB4);
INSERT INTO `city` VALUES ('1423', '保定市', '', '2015-06-20 21:44:17', '停用', 0xE69C8DE58AA1E88C83E59BB4);
INSERT INTO `city` VALUES ('1424', '张家口市', '', '2015-06-20 21:44:17', '停用', 0xE69C8DE58AA1E88C83E59BB4);
INSERT INTO `city` VALUES ('1425', '承德市', '', '2015-06-20 21:44:17', '停用', 0xE69C8DE58AA1E88C83E59BB4);
INSERT INTO `city` VALUES ('1426', '廊坊市', '', '2015-06-20 21:44:17', '停用', 0xE69C8DE58AA1E88C83E59BB4);
INSERT INTO `city` VALUES ('1427', '沧州市', '', '2015-06-20 21:44:17', '停用', 0xE69C8DE58AA1E88C83E59BB4);
INSERT INTO `city` VALUES ('1428', '衡水市', '', '2015-06-20 21:44:17', '停用', 0xE69C8DE58AA1E88C83E59BB4);
INSERT INTO `city` VALUES ('1429', '邢台市', '', '2015-06-20 21:44:17', '停用', 0xE69C8DE58AA1E88C83E59BB4);
INSERT INTO `city` VALUES ('1430', '淄博市', '', '2015-06-20 21:44:17', '停用', 0xE69C8DE58AA1E88C83E59BB4);
INSERT INTO `city` VALUES ('1431', '枣庄市', '', '2015-06-20 21:44:17', '停用', 0xE69C8DE58AA1E88C83E59BB4);
INSERT INTO `city` VALUES ('1432', '东营市', '', '2015-06-20 21:44:17', '停用', 0xE69C8DE58AA1E88C83E59BB4);
INSERT INTO `city` VALUES ('1433', '烟台市', '', '2015-06-20 21:44:17', '停用', 0xE69C8DE58AA1E88C83E59BB4);
INSERT INTO `city` VALUES ('1434', '潍坊市', '', '2015-06-20 21:44:17', '停用', 0xE69C8DE58AA1E88C83E59BB4);
INSERT INTO `city` VALUES ('1435', '济宁市', '', '2015-06-20 21:44:17', '停用', 0xE69C8DE58AA1E88C83E59BB4);
INSERT INTO `city` VALUES ('1436', '泰安市', '', '2015-06-20 21:44:17', '停用', 0xE69C8DE58AA1E88C83E59BB4);
INSERT INTO `city` VALUES ('1437', '威海市', '', '2015-06-20 21:44:17', '停用', 0xE69C8DE58AA1E88C83E59BB4);
INSERT INTO `city` VALUES ('1438', '日照市', '', '2015-06-20 21:44:17', '停用', 0xE69C8DE58AA1E88C83E59BB4);
INSERT INTO `city` VALUES ('1439', '莱芜市', '', '2015-06-20 21:44:17', '停用', 0xE69C8DE58AA1E88C83E59BB4);
INSERT INTO `city` VALUES ('1440', '临沂市', '', '2015-06-20 21:44:17', '停用', 0xE69C8DE58AA1E88C83E59BB4);
INSERT INTO `city` VALUES ('1441', '德州市', '', '2015-06-20 21:44:17', '停用', 0xE69C8DE58AA1E88C83E59BB4);
INSERT INTO `city` VALUES ('1442', '聊城市', '', '2015-06-20 21:44:17', '停用', 0xE69C8DE58AA1E88C83E59BB4);
INSERT INTO `city` VALUES ('1443', '菏泽市', '', '2015-06-20 21:44:17', '停用', 0xE69C8DE58AA1E88C83E59BB4);
INSERT INTO `city` VALUES ('1444', '滨州市', '', '2015-06-20 21:44:17', '停用', 0xE69C8DE58AA1E88C83E59BB4);
INSERT INTO `city` VALUES ('1445', '镇江市', '', '2015-06-20 21:44:17', '停用', 0xE69C8DE58AA1E88C83E59BB4);
INSERT INTO `city` VALUES ('1446', '常州市', '', '2015-06-20 21:44:17', '停用', 0xE69C8DE58AA1E88C83E59BB4);
INSERT INTO `city` VALUES ('1447', '无锡市', '', '2015-06-20 21:44:17', '停用', 0xE69C8DE58AA1E88C83E59BB4);
INSERT INTO `city` VALUES ('1448', '苏州市', '', '2015-06-20 21:44:17', '停用', 0xE69C8DE58AA1E88C83E59BB4);
INSERT INTO `city` VALUES ('1449', '徐州市', '', '2015-06-20 21:44:17', '停用', 0xE69C8DE58AA1E88C83E59BB4);
INSERT INTO `city` VALUES ('1450', '连云港市', '', '2015-06-20 21:44:17', '停用', 0xE69C8DE58AA1E88C83E59BB4);
INSERT INTO `city` VALUES ('1451', '淮安市', '', '2015-06-20 21:44:17', '停用', 0xE69C8DE58AA1E88C83E59BB4);
INSERT INTO `city` VALUES ('1452', '盐城市', '', '2015-06-20 21:44:17', '停用', 0xE69C8DE58AA1E88C83E59BB4);
INSERT INTO `city` VALUES ('1453', '扬州市', '', '2015-06-20 21:44:17', '停用', 0xE69C8DE58AA1E88C83E59BB4);
INSERT INTO `city` VALUES ('1454', '泰州市', '', '2015-06-20 21:44:17', '停用', 0xE69C8DE58AA1E88C83E59BB4);
INSERT INTO `city` VALUES ('1455', '南通市', '', '2015-06-20 21:44:17', '停用', 0xE69C8DE58AA1E88C83E59BB4);
INSERT INTO `city` VALUES ('1456', '宿迁市', '', '2015-06-20 21:44:17', '停用', 0xE69C8DE58AA1E88C83E59BB4);
INSERT INTO `city` VALUES ('1457', '蚌埠市', '', '2015-06-20 21:44:17', '停用', 0xE69C8DE58AA1E88C83E59BB4);
INSERT INTO `city` VALUES ('1458', '芜湖市', '', '2015-06-20 21:44:17', '停用', 0xE69C8DE58AA1E88C83E59BB4);
INSERT INTO `city` VALUES ('1459', '淮南市', '', '2015-06-20 21:44:17', '停用', 0xE69C8DE58AA1E88C83E59BB4);
INSERT INTO `city` VALUES ('1460', '亳州市', '', '2015-06-20 21:44:17', '停用', 0xE69C8DE58AA1E88C83E59BB4);
INSERT INTO `city` VALUES ('1461', '阜阳市', '', '2015-06-20 21:44:17', '停用', 0xE69C8DE58AA1E88C83E59BB4);
INSERT INTO `city` VALUES ('1462', '淮北市', '', '2015-06-20 21:44:17', '停用', 0xE69C8DE58AA1E88C83E59BB4);
INSERT INTO `city` VALUES ('1463', '宿州市', '', '2015-06-20 21:44:17', '停用', 0xE69C8DE58AA1E88C83E59BB4);
INSERT INTO `city` VALUES ('1464', '滁州市', '', '2015-06-20 21:44:17', '停用', 0xE69C8DE58AA1E88C83E59BB4);
INSERT INTO `city` VALUES ('1465', '安庆市', '', '2015-06-20 21:44:17', '停用', 0xE69C8DE58AA1E88C83E59BB4);
INSERT INTO `city` VALUES ('1466', '巢湖市', '', '2015-06-20 21:44:17', '停用', 0xE69C8DE58AA1E88C83E59BB4);
INSERT INTO `city` VALUES ('1467', '马鞍山市', '', '2015-06-20 21:44:17', '停用', 0xE69C8DE58AA1E88C83E59BB4);
INSERT INTO `city` VALUES ('1468', '宣城市', '', '2015-06-20 21:44:17', '停用', 0xE69C8DE58AA1E88C83E59BB4);
INSERT INTO `city` VALUES ('1469', '黄山市', '', '2015-06-20 21:44:17', '停用', 0xE69C8DE58AA1E88C83E59BB4);
INSERT INTO `city` VALUES ('1470', '池州市', '', '2015-06-20 21:44:17', '停用', 0xE69C8DE58AA1E88C83E59BB4);
INSERT INTO `city` VALUES ('1471', '铜陵市', '', '2015-06-20 21:44:17', '停用', 0xE69C8DE58AA1E88C83E59BB4);
INSERT INTO `city` VALUES ('1472', '嘉兴市', '', '2015-06-20 21:44:17', '停用', 0xE69C8DE58AA1E88C83E59BB4);
INSERT INTO `city` VALUES ('1473', '湖州市', '', '2015-06-20 21:44:17', '停用', 0xE69C8DE58AA1E88C83E59BB4);
INSERT INTO `city` VALUES ('1474', '宁波市', '', '2015-06-20 21:44:17', '停用', 0xE69C8DE58AA1E88C83E59BB4);
INSERT INTO `city` VALUES ('1475', '金华市', '', '2015-06-20 21:44:17', '停用', 0xE69C8DE58AA1E88C83E59BB4);
INSERT INTO `city` VALUES ('1476', '温州市', '', '2015-06-20 21:44:17', '停用', 0xE69C8DE58AA1E88C83E59BB4);
INSERT INTO `city` VALUES ('1477', '丽水市', '', '2015-06-20 21:44:17', '停用', 0xE69C8DE58AA1E88C83E59BB4);
INSERT INTO `city` VALUES ('1478', '绍兴市', '', '2015-06-20 21:44:17', '停用', 0xE69C8DE58AA1E88C83E59BB4);
INSERT INTO `city` VALUES ('1479', '衢州市', '', '2015-06-20 21:44:17', '停用', 0xE69C8DE58AA1E88C83E59BB4);
INSERT INTO `city` VALUES ('1480', '舟山市', '', '2015-06-20 21:44:17', '停用', 0xE69C8DE58AA1E88C83E59BB4);
INSERT INTO `city` VALUES ('1481', '台州市', '', '2015-06-20 21:44:17', '停用', 0xE69C8DE58AA1E88C83E59BB4);
INSERT INTO `city` VALUES ('1482', '泉州市', '', '2015-06-20 21:44:17', '停用', 0xE69C8DE58AA1E88C83E59BB4);
INSERT INTO `city` VALUES ('1483', '三明市', '', '2015-06-20 21:44:17', '停用', 0xE69C8DE58AA1E88C83E59BB4);
INSERT INTO `city` VALUES ('1484', '南平市', '', '2015-06-20 21:44:17', '停用', 0xE69C8DE58AA1E88C83E59BB4);
INSERT INTO `city` VALUES ('1485', '莆田市', '', '2015-06-20 21:44:17', '停用', 0xE69C8DE58AA1E88C83E59BB4);
INSERT INTO `city` VALUES ('1486', '龙岩市', '', '2015-06-20 21:44:17', '停用', 0xE69C8DE58AA1E88C83E59BB4);
INSERT INTO `city` VALUES ('1487', '深圳市', '', '2015-06-20 21:44:17', '停用', 0xE69C8DE58AA1E88C83E59BB4);
INSERT INTO `city` VALUES ('1488', '汕头市', '', '2015-06-20 21:44:17', '停用', 0xE69C8DE58AA1E88C83E59BB4);
INSERT INTO `city` VALUES ('1489', '惠州市', '', '2015-06-20 21:44:17', '停用', 0xE69C8DE58AA1E88C83E59BB4);
INSERT INTO `city` VALUES ('1490', '珠海市', '', '2015-06-20 21:44:17', '停用', 0xE69C8DE58AA1E88C83E59BB4);
INSERT INTO `city` VALUES ('1491', '揭阳市', '', '2015-06-20 21:44:17', '停用', 0xE69C8DE58AA1E88C83E59BB4);
INSERT INTO `city` VALUES ('1492', '佛山市', '', '2015-06-20 21:44:17', '停用', 0xE69C8DE58AA1E88C83E59BB4);
INSERT INTO `city` VALUES ('1493', '河源市', '', '2015-06-20 21:44:17', '停用', 0xE69C8DE58AA1E88C83E59BB4);
INSERT INTO `city` VALUES ('1494', '阳江市', '', '2015-06-20 21:44:17', '停用', 0xE69C8DE58AA1E88C83E59BB4);
INSERT INTO `city` VALUES ('1495', '茂名市', '', '2015-06-20 21:44:17', '停用', 0xE69C8DE58AA1E88C83E59BB4);
INSERT INTO `city` VALUES ('1496', '湛江市', '', '2015-06-20 21:44:17', '停用', 0xE69C8DE58AA1E88C83E59BB4);
INSERT INTO `city` VALUES ('1497', '梅州市', '', '2015-06-20 21:44:17', '停用', 0xE69C8DE58AA1E88C83E59BB4);
INSERT INTO `city` VALUES ('1498', '肇庆市', '', '2015-06-20 21:44:17', '停用', 0xE69C8DE58AA1E88C83E59BB4);
INSERT INTO `city` VALUES ('1499', '韶关市', '', '2015-06-20 21:44:17', '停用', 0xE69C8DE58AA1E88C83E59BB4);
INSERT INTO `city` VALUES ('1500', '潮州市', '', '2015-06-20 21:44:17', '停用', 0xE69C8DE58AA1E88C83E59BB4);
INSERT INTO `city` VALUES ('1501', '东莞市', '', '2015-06-20 21:44:17', '停用', 0xE69C8DE58AA1E88C83E59BB4);
INSERT INTO `city` VALUES ('1502', '中山市', '', '2015-06-20 21:44:17', '停用', 0xE69C8DE58AA1E88C83E59BB4);
INSERT INTO `city` VALUES ('1503', '清远市', '', '2015-06-20 21:44:17', '停用', 0xE69C8DE58AA1E88C83E59BB4);
INSERT INTO `city` VALUES ('1504', '江门市', '', '2015-06-20 21:44:17', '停用', 0xE69C8DE58AA1E88C83E59BB4);
INSERT INTO `city` VALUES ('1505', '汕尾市', '', '2015-06-20 21:44:17', '停用', 0xE69C8DE58AA1E88C83E59BB4);
INSERT INTO `city` VALUES ('1506', '云浮市', '', '2015-06-20 21:44:17', '停用', 0xE69C8DE58AA1E88C83E59BB4);
INSERT INTO `city` VALUES ('1507', '三亚市', '', '2015-06-20 21:44:17', '停用', 0xE69C8DE58AA1E88C83E59BB4);
INSERT INTO `city` VALUES ('1508', '曲靖市', '', '2015-06-20 21:44:17', '停用', 0xE69C8DE58AA1E88C83E59BB4);
INSERT INTO `city` VALUES ('1509', '玉溪市', '', '2015-06-20 21:44:17', '停用', 0xE69C8DE58AA1E88C83E59BB4);
INSERT INTO `city` VALUES ('1510', '保山市', '', '2015-06-20 21:44:17', '停用', 0xE69C8DE58AA1E88C83E59BB4);
INSERT INTO `city` VALUES ('1511', '昭通市', '', '2015-06-20 21:44:17', '停用', 0xE69C8DE58AA1E88C83E59BB4);
INSERT INTO `city` VALUES ('1512', '丽江市', '', '2015-06-20 21:44:17', '停用', 0xE69C8DE58AA1E88C83E59BB4);
INSERT INTO `city` VALUES ('1513', '普洱市', '', '2015-06-20 21:44:17', '停用', 0xE69C8DE58AA1E88C83E59BB4);
INSERT INTO `city` VALUES ('1514', '临沧市', '', '2015-06-20 21:44:17', '停用', 0xE69C8DE58AA1E88C83E59BB4);
INSERT INTO `city` VALUES ('1515', '六盘水市', '', '2015-06-20 21:44:17', '停用', 0xE69C8DE58AA1E88C83E59BB4);
INSERT INTO `city` VALUES ('1516', '遵义市', '', '2015-06-20 21:44:17', '停用', 0xE69C8DE58AA1E88C83E59BB4);
INSERT INTO `city` VALUES ('1517', '安顺市', '', '2015-06-20 21:44:17', '停用', 0xE69C8DE58AA1E88C83E59BB4);
INSERT INTO `city` VALUES ('1518', '绵阳市', '', '2015-06-20 21:44:17', '停用', 0xE69C8DE58AA1E88C83E59BB4);
INSERT INTO `city` VALUES ('1519', '德阳市', '', '2015-06-20 21:44:17', '停用', 0xE69C8DE58AA1E88C83E59BB4);
INSERT INTO `city` VALUES ('1520', '广元市', '', '2015-06-20 21:44:17', '停用', 0xE69C8DE58AA1E88C83E59BB4);
INSERT INTO `city` VALUES ('1521', '自贡市', '', '2015-06-20 21:44:17', '停用', 0xE69C8DE58AA1E88C83E59BB4);
INSERT INTO `city` VALUES ('1522', '攀枝花市', '', '2015-06-20 21:44:17', '停用', 0xE69C8DE58AA1E88C83E59BB4);
INSERT INTO `city` VALUES ('1523', '乐山市', '', '2015-06-20 21:44:17', '停用', 0xE69C8DE58AA1E88C83E59BB4);
INSERT INTO `city` VALUES ('1524', '南充市', '', '2015-06-20 21:44:17', '停用', 0xE69C8DE58AA1E88C83E59BB4);
INSERT INTO `city` VALUES ('1525', '内江市', '', '2015-06-20 21:44:17', '停用', 0xE69C8DE58AA1E88C83E59BB4);
INSERT INTO `city` VALUES ('1526', '遂宁市', '', '2015-06-20 21:44:17', '停用', 0xE69C8DE58AA1E88C83E59BB4);
INSERT INTO `city` VALUES ('1527', '广安市', '', '2015-06-20 21:44:17', '停用', 0xE69C8DE58AA1E88C83E59BB4);
INSERT INTO `city` VALUES ('1528', '泸州市', '', '2015-06-20 21:44:17', '停用', 0xE69C8DE58AA1E88C83E59BB4);
INSERT INTO `city` VALUES ('1529', '达州市', '', '2015-06-20 21:44:17', '停用', 0xE69C8DE58AA1E88C83E59BB4);
INSERT INTO `city` VALUES ('1530', '眉山市', '', '2015-06-20 21:44:17', '停用', 0xE69C8DE58AA1E88C83E59BB4);
INSERT INTO `city` VALUES ('1531', '宜宾市', '', '2015-06-20 21:44:17', '停用', 0xE69C8DE58AA1E88C83E59BB4);
INSERT INTO `city` VALUES ('1532', '雅安市', '', '2015-06-20 21:44:17', '停用', 0xE69C8DE58AA1E88C83E59BB4);
INSERT INTO `city` VALUES ('1533', '资阳市', '', '2015-06-20 21:44:17', '停用', 0xE69C8DE58AA1E88C83E59BB4);
INSERT INTO `city` VALUES ('1534', '株洲市', '', '2015-06-20 21:44:17', '停用', 0xE69C8DE58AA1E88C83E59BB4);
INSERT INTO `city` VALUES ('1535', '湘潭市', '', '2015-06-20 21:44:17', '停用', 0xE69C8DE58AA1E88C83E59BB4);
INSERT INTO `city` VALUES ('1536', '衡阳市', '', '2015-06-20 21:44:17', '停用', 0xE69C8DE58AA1E88C83E59BB4);
INSERT INTO `city` VALUES ('1537', '岳阳市', '', '2015-06-20 21:44:17', '停用', 0xE69C8DE58AA1E88C83E59BB4);
INSERT INTO `city` VALUES ('1538', '郴州市', '', '2015-06-20 21:44:17', '停用', 0xE69C8DE58AA1E88C83E59BB4);
INSERT INTO `city` VALUES ('1539', '永州市', '', '2015-06-20 21:44:17', '停用', 0xE69C8DE58AA1E88C83E59BB4);
INSERT INTO `city` VALUES ('1540', '邵阳市', '', '2015-06-20 21:44:17', '停用', 0xE69C8DE58AA1E88C83E59BB4);
INSERT INTO `city` VALUES ('1541', '怀化市', '', '2015-06-20 21:44:17', '停用', 0xE69C8DE58AA1E88C83E59BB4);
INSERT INTO `city` VALUES ('1542', '常德市', '', '2015-06-20 21:44:17', '停用', 0xE69C8DE58AA1E88C83E59BB4);
INSERT INTO `city` VALUES ('1543', '益阳市', '', '2015-06-20 21:44:17', '停用', 0xE69C8DE58AA1E88C83E59BB4);
INSERT INTO `city` VALUES ('1544', '张家界市', '', '2015-06-20 21:44:17', '停用', 0xE69C8DE58AA1E88C83E59BB4);
INSERT INTO `city` VALUES ('1545', '娄底市', '', '2015-06-20 21:44:17', '停用', 0xE69C8DE58AA1E88C83E59BB4);
INSERT INTO `city` VALUES ('1546', '襄樊市', '', '2015-06-20 21:44:17', '停用', 0xE69C8DE58AA1E88C83E59BB4);
INSERT INTO `city` VALUES ('1547', '宜昌市', '', '2015-06-20 21:44:17', '停用', 0xE69C8DE58AA1E88C83E59BB4);
INSERT INTO `city` VALUES ('1548', '黄石市', '', '2015-06-20 21:44:17', '停用', 0xE69C8DE58AA1E88C83E59BB4);
INSERT INTO `city` VALUES ('1549', '鄂州市', '', '2015-06-20 21:44:17', '停用', 0xE69C8DE58AA1E88C83E59BB4);
INSERT INTO `city` VALUES ('1550', '随州市', '', '2015-06-20 21:44:17', '停用', 0xE69C8DE58AA1E88C83E59BB4);
INSERT INTO `city` VALUES ('1551', '荆州市', '', '2015-06-20 21:44:17', '停用', 0xE69C8DE58AA1E88C83E59BB4);
INSERT INTO `city` VALUES ('1552', '荆门市', '', '2015-06-20 21:44:17', '停用', 0xE69C8DE58AA1E88C83E59BB4);
INSERT INTO `city` VALUES ('1553', '十堰市', '', '2015-06-20 21:44:17', '停用', 0xE69C8DE58AA1E88C83E59BB4);
INSERT INTO `city` VALUES ('1554', '孝感市', '', '2015-06-20 21:44:17', '停用', 0xE69C8DE58AA1E88C83E59BB4);
INSERT INTO `city` VALUES ('1555', '黄冈市', '', '2015-06-20 21:44:17', '停用', 0xE69C8DE58AA1E88C83E59BB4);
INSERT INTO `city` VALUES ('1556', '咸宁市', '', '2015-06-20 21:44:17', '停用', 0xE69C8DE58AA1E88C83E59BB4);
INSERT INTO `city` VALUES ('1557', '洛阳市', '', '2015-06-20 21:44:17', '停用', 0xE69C8DE58AA1E88C83E59BB4);
INSERT INTO `city` VALUES ('1558', '开封市', '', '2015-06-20 21:44:17', '停用', 0xE69C8DE58AA1E88C83E59BB4);
INSERT INTO `city` VALUES ('1559', '漯河市', '', '2015-06-20 21:44:17', '停用', 0xE69C8DE58AA1E88C83E59BB4);
INSERT INTO `city` VALUES ('1560', '安阳市', '', '2015-06-20 21:44:17', '停用', 0xE69C8DE58AA1E88C83E59BB4);
INSERT INTO `city` VALUES ('1561', '新乡市', '', '2015-06-20 21:44:17', '停用', 0xE69C8DE58AA1E88C83E59BB4);
INSERT INTO `city` VALUES ('1562', '周口市', '', '2015-06-20 21:44:17', '停用', 0xE69C8DE58AA1E88C83E59BB4);
INSERT INTO `city` VALUES ('1563', '三门峡市', '', '2015-06-20 21:44:17', '停用', 0xE69C8DE58AA1E88C83E59BB4);
INSERT INTO `city` VALUES ('1564', '焦作市', '', '2015-06-20 21:44:17', '停用', 0xE69C8DE58AA1E88C83E59BB4);
INSERT INTO `city` VALUES ('1565', '平顶山市', '', '2015-06-20 21:44:17', '停用', 0xE69C8DE58AA1E88C83E59BB4);
INSERT INTO `city` VALUES ('1566', '信阳市', '', '2015-06-20 21:44:17', '停用', 0xE69C8DE58AA1E88C83E59BB4);
INSERT INTO `city` VALUES ('1567', '南阳市', '', '2015-06-20 21:44:17', '停用', 0xE69C8DE58AA1E88C83E59BB4);
INSERT INTO `city` VALUES ('1568', '鹤壁市', '', '2015-06-20 21:44:17', '停用', 0xE69C8DE58AA1E88C83E59BB4);
INSERT INTO `city` VALUES ('1569', '濮阳市', '', '2015-06-20 21:44:17', '停用', 0xE69C8DE58AA1E88C83E59BB4);
INSERT INTO `city` VALUES ('1570', '许昌市', '', '2015-06-20 21:44:17', '停用', 0xE69C8DE58AA1E88C83E59BB4);
INSERT INTO `city` VALUES ('1571', '商丘市', '', '2015-06-20 21:44:17', '停用', 0xE69C8DE58AA1E88C83E59BB4);
INSERT INTO `city` VALUES ('1572', '驻马店市', '', '2015-06-20 21:44:17', '停用', 0xE69C8DE58AA1E88C83E59BB4);
INSERT INTO `city` VALUES ('1573', '大同市', '', '2015-06-20 21:44:17', '停用', 0xE69C8DE58AA1E88C83E59BB4);
INSERT INTO `city` VALUES ('1574', '忻州市', '', '2015-06-20 21:44:17', '停用', 0xE69C8DE58AA1E88C83E59BB4);
INSERT INTO `city` VALUES ('1575', '阳泉市', '', '2015-06-20 21:44:17', '停用', 0xE69C8DE58AA1E88C83E59BB4);
INSERT INTO `city` VALUES ('1576', '长治市', '', '2015-06-20 21:44:17', '停用', 0xE69C8DE58AA1E88C83E59BB4);
INSERT INTO `city` VALUES ('1577', '晋城市', '', '2015-06-20 21:44:17', '停用', 0xE69C8DE58AA1E88C83E59BB4);
INSERT INTO `city` VALUES ('1578', '朔州市', '', '2015-06-20 21:44:17', '停用', 0xE69C8DE58AA1E88C83E59BB4);
INSERT INTO `city` VALUES ('1579', '晋中市', '', '2015-06-20 21:44:17', '停用', 0xE69C8DE58AA1E88C83E59BB4);
INSERT INTO `city` VALUES ('1580', '运城市', '', '2015-06-20 21:44:17', '停用', 0xE69C8DE58AA1E88C83E59BB4);
INSERT INTO `city` VALUES ('1581', '临汾市', '', '2015-06-20 21:44:17', '停用', 0xE69C8DE58AA1E88C83E59BB4);
INSERT INTO `city` VALUES ('1582', '吕梁市', '', '2015-06-20 21:44:17', '停用', 0xE69C8DE58AA1E88C83E59BB4);
INSERT INTO `city` VALUES ('1583', '咸阳市', '', '2015-06-20 21:44:17', '停用', 0xE69C8DE58AA1E88C83E59BB4);
INSERT INTO `city` VALUES ('1584', '铜川市', '', '2015-06-20 21:44:17', '停用', 0xE69C8DE58AA1E88C83E59BB4);
INSERT INTO `city` VALUES ('1585', '延安市', '', '2015-06-20 21:44:17', '停用', 0xE69C8DE58AA1E88C83E59BB4);
INSERT INTO `city` VALUES ('1586', '宝鸡市', '', '2015-06-20 21:44:17', '停用', 0xE69C8DE58AA1E88C83E59BB4);
INSERT INTO `city` VALUES ('1587', '渭南市', '', '2015-06-20 21:44:17', '停用', 0xE69C8DE58AA1E88C83E59BB4);
INSERT INTO `city` VALUES ('1588', '汉中市', '', '2015-06-20 21:44:17', '停用', 0xE69C8DE58AA1E88C83E59BB4);
INSERT INTO `city` VALUES ('1589', '安康市', '', '2015-06-20 21:44:17', '停用', 0xE69C8DE58AA1E88C83E59BB4);
INSERT INTO `city` VALUES ('1590', '商洛市', '', '2015-06-20 21:44:17', '停用', 0xE69C8DE58AA1E88C83E59BB4);
INSERT INTO `city` VALUES ('1591', '榆林市', '', '2015-06-20 21:44:17', '停用', 0xE69C8DE58AA1E88C83E59BB4);
INSERT INTO `city` VALUES ('1592', '天水市', '', '2015-06-20 21:44:17', '停用', 0xE69C8DE58AA1E88C83E59BB4);
INSERT INTO `city` VALUES ('1593', '平凉市', '', '2015-06-20 21:44:17', '停用', 0xE69C8DE58AA1E88C83E59BB4);
INSERT INTO `city` VALUES ('1594', '酒泉市', '', '2015-06-20 21:44:17', '停用', 0xE69C8DE58AA1E88C83E59BB4);
INSERT INTO `city` VALUES ('1595', '嘉峪关市', '', '2015-06-20 21:44:17', '停用', 0xE69C8DE58AA1E88C83E59BB4);
INSERT INTO `city` VALUES ('1596', '金昌市', '', '2015-06-20 21:44:17', '停用', 0xE69C8DE58AA1E88C83E59BB4);
INSERT INTO `city` VALUES ('1597', '白银市', '', '2015-06-20 21:44:17', '停用', 0xE69C8DE58AA1E88C83E59BB4);
INSERT INTO `city` VALUES ('1598', '武威市', '', '2015-06-20 21:44:17', '停用', 0xE69C8DE58AA1E88C83E59BB4);
INSERT INTO `city` VALUES ('1599', '张掖市', '', '2015-06-20 21:44:17', '停用', 0xE69C8DE58AA1E88C83E59BB4);
INSERT INTO `city` VALUES ('1600', '庆阳市', '', '2015-06-20 21:44:17', '停用', 0xE69C8DE58AA1E88C83E59BB4);
INSERT INTO `city` VALUES ('1601', '定西市', '', '2015-06-20 21:44:17', '停用', 0xE69C8DE58AA1E88C83E59BB4);
INSERT INTO `city` VALUES ('1602', '陇南市', '', '2015-06-20 21:44:17', '停用', 0xE69C8DE58AA1E88C83E59BB4);
INSERT INTO `city` VALUES ('1603', '九江市', '', '2015-06-20 21:44:17', '停用', 0xE69C8DE58AA1E88C83E59BB4);
INSERT INTO `city` VALUES ('1604', '赣州市', '', '2015-06-20 21:44:17', '停用', 0xE69C8DE58AA1E88C83E59BB4);
INSERT INTO `city` VALUES ('1605', '吉安市', '', '2015-06-20 21:44:17', '停用', 0xE69C8DE58AA1E88C83E59BB4);
INSERT INTO `city` VALUES ('1606', '鹰潭市', '', '2015-06-20 21:44:17', '停用', 0xE69C8DE58AA1E88C83E59BB4);
INSERT INTO `city` VALUES ('1607', '上饶市', '', '2015-06-20 21:44:17', '停用', 0xE69C8DE58AA1E88C83E59BB4);
INSERT INTO `city` VALUES ('1608', '萍乡市', '', '2015-06-20 21:44:17', '停用', 0xE69C8DE58AA1E88C83E59BB4);
INSERT INTO `city` VALUES ('1609', '景德镇市', '', '2015-06-20 21:44:17', '停用', 0xE69C8DE58AA1E88C83E59BB4);
INSERT INTO `city` VALUES ('1610', '新余市', '', '2015-06-20 21:44:17', '停用', 0xE69C8DE58AA1E88C83E59BB4);
INSERT INTO `city` VALUES ('1611', '宜春市', '', '2015-06-20 21:44:17', '停用', 0xE69C8DE58AA1E88C83E59BB4);
INSERT INTO `city` VALUES ('1612', '抚州市', '', '2015-06-20 21:44:17', '停用', 0xE69C8DE58AA1E88C83E59BB4);
INSERT INTO `city` VALUES ('1613', '台中市', '', '2015-06-20 21:44:17', '停用', 0xE69C8DE58AA1E88C83E59BB4);
INSERT INTO `city` VALUES ('1614', '基隆市', '', '2015-06-20 21:44:17', '停用', 0xE69C8DE58AA1E88C83E59BB4);
INSERT INTO `city` VALUES ('1615', '高雄市', '', '2015-06-20 21:44:17', '停用', 0xE69C8DE58AA1E88C83E59BB4);
INSERT INTO `city` VALUES ('1616', '台南市', '', '2015-06-20 21:44:17', '停用', 0xE69C8DE58AA1E88C83E59BB4);
INSERT INTO `city` VALUES ('1617', '新竹市', '', '2015-06-20 21:44:17', '停用', 0xE69C8DE58AA1E88C83E59BB4);
INSERT INTO `city` VALUES ('1618', '嘉义市', '', '2015-06-20 21:44:17', '停用', 0xE69C8DE58AA1E88C83E59BB4);
INSERT INTO `city` VALUES ('1619', '香港', '', '2015-06-20 21:44:17', '停用', 0xE69C8DE58AA1E88C83E59BB4);
INSERT INTO `city` VALUES ('1620', '澳门', '', '2015-06-20 21:44:17', '停用', 0xE69C8DE58AA1E88C83E59BB4);

-- ----------------------------
-- Table structure for `comment`
-- ----------------------------
DROP TABLE IF EXISTS `comment`;
CREATE TABLE `comment` (
  `id` int(11) NOT NULL AUTO_INCREMENT,
  `demoid` int(11) NOT NULL,
  `score` int(11) NOT NULL,
  `comment` mediumtext COLLATE utf8_bin,
  `customerid` int(11) NOT NULL,
  PRIMARY KEY (`id`),
  KEY `fk_com_demoid` (`demoid`),
  KEY `fk_com_customid` (`customerid`),
  CONSTRAINT `fk_com_customid` FOREIGN KEY (`customerid`) REFERENCES `customer` (`id`) ON DELETE CASCADE,
  CONSTRAINT `fk_com_demoid` FOREIGN KEY (`demoid`) REFERENCES `demo` (`id`) ON DELETE CASCADE
) ENGINE=InnoDB DEFAULT CHARSET=utf8 COLLATE=utf8_bin;

-- ----------------------------
-- Records of comment
-- ----------------------------

-- ----------------------------
-- Table structure for `common_address`
-- ----------------------------
DROP TABLE IF EXISTS `common_address`;
CREATE TABLE `common_address` (
  `id` int(11) NOT NULL AUTO_INCREMENT,
  `userid` int(11) NOT NULL COMMENT '用户id',
  `address` varchar(100) COLLATE utf8_bin DEFAULT NULL COMMENT '常用地址',
  PRIMARY KEY (`id`),
  KEY `fk_ca_userid` (`userid`),
  CONSTRAINT `fk_ca_userid` FOREIGN KEY (`userid`) REFERENCES `customer` (`id`) ON DELETE CASCADE
) ENGINE=InnoDB AUTO_INCREMENT=28 DEFAULT CHARSET=utf8 COLLATE=utf8_bin;

-- ----------------------------
-- Records of common_address
-- ----------------------------
INSERT INTO `common_address` VALUES ('8', '26', 'gfffffff');
INSERT INTO `common_address` VALUES ('10', '32', 'dsadsadsadsadasdsagfdfdsfdsfdsfs');
INSERT INTO `common_address` VALUES ('19', '27', '测试地址测试地址测试地址测试地址测试地址测试地址');
INSERT INTO `common_address` VALUES ('20', '27', 'qweqweqweqw');
INSERT INTO `common_address` VALUES ('21', '32', '11111');
INSERT INTO `common_address` VALUES ('22', '32', '2222222');
INSERT INTO `common_address` VALUES ('23', '26', 'xxxxxxxxxxxxxxxxxxxxx');
INSERT INTO `common_address` VALUES ('26', '32', '北京');
INSERT INTO `common_address` VALUES ('27', '37', '弟弟看见的');

-- ----------------------------
-- Table structure for `customer`
-- ----------------------------
DROP TABLE IF EXISTS `customer`;
CREATE TABLE `customer` (
  `id` int(11) NOT NULL AUTO_INCREMENT COMMENT '主键',
  `account` varchar(11) COLLATE utf8_bin NOT NULL COMMENT '（手机号）账户（需校验11位）',
  `password` varchar(30) COLLATE utf8_bin NOT NULL COMMENT '密码',
  `regip` varchar(15) COLLATE utf8_bin DEFAULT NULL COMMENT '注册ip',
  `loginip` varchar(15) COLLATE utf8_bin DEFAULT NULL COMMENT '登录ip',
  `forbidden` varchar(2) COLLATE utf8_bin NOT NULL DEFAULT '否' COMMENT '是否被禁用 没被禁用 禁用',
  `city` varchar(50) COLLATE utf8_bin DEFAULT NULL COMMENT '所在城市',
  `jubao` int(11) DEFAULT '0' COMMENT '记录举报次数',
  `regtime` varchar(20) COLLATE utf8_bin DEFAULT '' COMMENT '注册时间',
  `logintime` varchar(20) COLLATE utf8_bin DEFAULT '' COMMENT '最后登录时间',
  `nickName` varchar(50) COLLATE utf8_bin DEFAULT '' COMMENT '用户昵称',
  `headImg` varchar(50) COLLATE utf8_bin DEFAULT NULL,
  PRIMARY KEY (`id`),
  UNIQUE KEY `uk_c_account` (`account`) USING BTREE
) ENGINE=InnoDB AUTO_INCREMENT=38 DEFAULT CHARSET=utf8 COLLATE=utf8_bin;

-- ----------------------------
-- Records of customer
-- ----------------------------
INSERT INTO `customer` VALUES ('26', '13333333333', 'rootadmin', '106.39.2.226', '58.56.176.11', '否', null, '3', '2015-05-15 12:59:54', '2015-06-15 14:32:40', 'fsddsadas', 'pic_user_headImg__1434349570318.jpg');
INSERT INTO `customer` VALUES ('27', '13511111111', 'adminroot', '123.117.43.79', '124.65.153.6', '否', null, '0', '2015-06-04 12:42:32', '2015-06-18 11:11:30', '测试', 'pic_user_headImg__1434606403227.jpg');
INSERT INTO `customer` VALUES ('28', '13336746733', 'adminroot', '58.56.176.46', null, '否', null, '0', '2015-06-04 18:51:24', '', '南美鹰', null);
INSERT INTO `customer` VALUES ('31', '13336746833', 'adminroot', '58.56.176.46', null, '否', null, '0', '2015-06-07 19:05:05', '', '南美鹰', null);
INSERT INTO `customer` VALUES ('32', '13021662367', 'wuzq1234', '58.56.176.46', '58.56.176.46', '否', null, '0', '2015-06-07 20:09:43', '2015-06-22 12:26:02', '我好', 'pic_user_headImg__1434943773992.jpg');
INSERT INTO `customer` VALUES ('33', '13021662368', 'wuzq123', '58.56.176.12', '58.56.176.12', '否', null, '0', '2015-06-08 18:19:41', '2015-06-18 01:27:53', '', null);
INSERT INTO `customer` VALUES ('34', '13021662369', 'wuzq123', '58.56.176.12', '58.56.176.12', '否', null, '0', '2015-06-08 18:22:38', '2015-06-08 18:38:56', '', null);
INSERT INTO `customer` VALUES ('35', '13021662370', 'wuzq123', '58.56.176.12', null, '否', null, '0', '2015-06-08 19:07:48', '', '', null);
INSERT INTO `customer` VALUES ('36', '13021662390', 'wuzq123', '58.56.176.12', null, '否', null, '0', '2015-06-08 19:18:43', '', '', null);
INSERT INTO `customer` VALUES ('37', '13723998798', '13723998798', '60.210.58.192', '223.104.2.174', '否', null, '0', '2015-06-20 07:23:20', '2015-06-22 07:17:57', '风风光光', 'pic_user_headImg__1434756471376.jpg');

-- ----------------------------
-- Table structure for `demo`
-- ----------------------------
DROP TABLE IF EXISTS `demo`;
CREATE TABLE `demo` (
  `id` int(11) NOT NULL AUTO_INCREMENT COMMENT '主键',
  `sellerid` int(11) NOT NULL COMMENT '所属卖家id',
  `name` varchar(100) COLLATE utf8_bin NOT NULL COMMENT '作品名称',
  `description` mediumtext COLLATE utf8_bin NOT NULL COMMENT '作品描述',
  `picname` varchar(100) COLLATE utf8_bin NOT NULL COMMENT '作品图片',
  `price` decimal(11,2) NOT NULL COMMENT '作品价格',
  `PreferentialPrice` decimal(11,2) DEFAULT NULL COMMENT '首次优惠价格',
  `booktime` varchar(100) COLLATE utf8_bin DEFAULT NULL COMMENT '可预约时间',
  `fileEName` varchar(50) COLLATE utf8_bin DEFAULT 'demo_default.jpg',
  `demoType` varchar(10) COLLATE utf8_bin NOT NULL COMMENT '作品类型 美甲 美睫 美容 化妆造型 美足',
  `employeeId` int(11) DEFAULT NULL COMMENT '员工Id',
  `shopPrice` decimal(11,2) DEFAULT '0.00' COMMENT '店面价格',
  `timeConsuming` int(5) DEFAULT '0' COMMENT '耗时  分钟',
  `keepTime` int(5) DEFAULT '0' COMMENT '保持 天',
  PRIMARY KEY (`id`),
  KEY `fk_d_sellerid` (`sellerid`),
  KEY `fk_d_empId` (`employeeId`),
  CONSTRAINT `fk_d_empId` FOREIGN KEY (`employeeId`) REFERENCES `employee` (`id`) ON DELETE CASCADE,
  CONSTRAINT `fk_d_sellerid` FOREIGN KEY (`sellerid`) REFERENCES `seller` (`id`) ON DELETE CASCADE
) ENGINE=InnoDB AUTO_INCREMENT=73 DEFAULT CHARSET=utf8 COLLATE=utf8_bin;

-- ----------------------------
-- Records of demo
-- ----------------------------
INSERT INTO `demo` VALUES ('52', '13', '作品1', 0xE6B58BE8AF9531E79A84E68F8FE8BFB0, '1.jpg', '110.00', '110.00', '10,11,12,13,14,15,16,17,18,19,20,21', 'pic_13_1434895837307.jpg', '美甲', '545', '0.00', '100', '100');
INSERT INTO `demo` VALUES ('53', '13', '测试2', 0xE6B58BE8AF9532E79A84E4BD9CE59381, '1.jpg', '120.00', '120.00', '10,11,12,13,14,15,16,17,18,20,21', 'pic_13_1434895892991.jpg', '美甲', '547', '0.00', '110', '110');
INSERT INTO `demo` VALUES ('54', '13', '测试3', 0xE6B58BE8AF9533E79A84E68F8FE8BFB0, '54fe490e15fd8_mid.jpg', '110.00', '110.00', '10,11,12,13,14,15,16,17,18,19,20,21', 'pic_13_1434895941739.jpg', '美甲', '546', '0.00', '110', '110');
INSERT INTO `demo` VALUES ('55', '13', '测试4', 0xE6B58BE8AF9534E79A84E68F8FE8BFB0, '9.jpg', '120.00', '780.00', '10,11,12,13,14,15,16,17,18,19,20,21', 'pic_13_1434895979531.jpg', '美甲', '548', '0.00', '11', '11');
INSERT INTO `demo` VALUES ('56', '13', '测试5', 0xE6B58BE8AF9535E79A84E4BD9CE59381, '5209bdf20cabb_small.png', '200.00', '200.00', '10,11,12,16,17,18', 'pic_13_1434896156216.png', '美甲', '545', '0.00', '100', '100');
INSERT INTO `demo` VALUES ('57', '13', '测试6', 0xE6B58BE8AF9536E79A84E4BD9CE59381, '5209bdf20cabb_small.png', '500.00', '500.00', '10,16', 'pic_13_1434896218130.png', '美甲', '550', '0.00', '100', '100');
INSERT INTO `demo` VALUES ('58', '13', '测试7', 0xE6B58BE8AF9537E79A84E7BB93E69E9C, '5209bcd115308_small.png', '600.00', '600.00', '10,11,12,16,17,18', 'pic_13_1434896274474.png', '美甲', '551', '0.00', '10', '10');
INSERT INTO `demo` VALUES ('59', '13', '测试8', 0xE6B58BE8AF9538E79A84E4BD9CE59381, '5209bdf20cabb_small.png', '20.00', '20.00', '10,11,12,16,17', 'pic_13_1434896343714.png', '美甲', '553', '0.00', '20', '20');
INSERT INTO `demo` VALUES ('60', '13', '测试9', 0xE6B58BE8AF9539E79A84E5819A, '5209bdf20cabb_small.png', '115.00', '110.00', '10,11,12,13,14,15,16,17,18,19,20,21', 'pic_13_1434896757290.png', '美甲', '552', '0.00', '10', '10');
INSERT INTO `demo` VALUES ('61', '13', '测试10', 0xE8BDA6E5B195E4B88AE683B3E5A4A7E5ADA6E697B6E4BBA3, '5209bcd115308_small.png', '10.00', '10.00', '10,11,12,13,14,15,16,17,18,20,21', 'pic_13_1434896811606.png', '化妆造型', '554', '0.00', '10', '10');
INSERT INTO `demo` VALUES ('62', '13', '测试11', 0xE6B58BE8AF953131E79A84E68F8FE8BFB0, '5209bcfead41e_small.png', '11.00', '11.00', '10,11,12,13,14,15,16,17,18,19,20,21', 'pic_13_1434896850658.png', '美睫', '555', '0.00', '11', '11');
INSERT INTO `demo` VALUES ('63', '13', '测试12', 0xE6B58BE8AF953132E79A84E68F8FE8BFB0, '5209bd4d88f44_small.png', '125.00', '125.00', '10,11,12,13,14,15,16,17,18,19,20,21', 'pic_13_1434896917281.png', '美睫', '556', '0.00', '110', '111');
INSERT INTO `demo` VALUES ('64', '13', '测试13', 0xE6B58BE8AF953133E79A84E68F8FE8BFB0, 'trynav.png', '13.00', '12.00', '10,11,12,13,14,15,16,17,18,19,20,21', 'pic_13_1434897010139.png', '美睫', '557', '0.00', '12', '12');
INSERT INTO `demo` VALUES ('65', '13', '测试14', 0xE6B58BE8AF953134E79A84E68F8FE8BFB0, '5209bc42871fd_small.png', '113.00', '11.00', '10,11,12,13,14,15,16,17,18,19,20,21', 'pic_13_1434897090430.png', '美容', '558', '0.00', '45', '45');
INSERT INTO `demo` VALUES ('66', '13', '测试15', 0xE4BD9CE59381, '5209bce881b77_small.png', '115.00', '115.00', '10,11,12,13,14,15,16,17,18,19,20,21', 'pic_13_1434897381176.png', '美甲', '559', '0.00', '220', '220');
INSERT INTO `demo` VALUES ('67', '13', '测试16', 0xE6B58BE8AF953136E79A84E4BD9CE59381, '5209bcfead41e_small.png', '112.00', '112.00', '10,11,12,13,14,15,16,17,18,19,20,21', 'pic_13_1434897489662.png', '美睫', '560', '0.00', '114', '110');
INSERT INTO `demo` VALUES ('68', '13', '测试17', 0xE6B58BE8AF953137, '5.jpg', '170.00', '170.00', '10,11,12,16,17,18', 'pic_13_1434897515836.jpg', '美睫', '561', '0.00', '11', '11');
INSERT INTO `demo` VALUES ('69', '13', '测试18', 0xE6B58BE8AF953138E79A84E68891, '3.jpg', '110.00', '112.00', '10,11,12,13,14,15,16,17,18,19,20,21', 'pic_13_1434897735376.jpg', '美睫', '562', '0.00', '110', '11');
INSERT INTO `demo` VALUES ('70', '13', '测试19', 0xE6B58BE8AF953139E79A84E68F8FE8BFB0, '5209ba6f29e5d_small.png', '19.00', '19.00', '10,11,12,13,14,15,16,17,18,19,20,21', 'pic_13_1434898682334.png', '美睫', '563', '0.00', '19', '19');
INSERT INTO `demo` VALUES ('71', '13', '测试20', 0xE6B58BE8AF953230, '54fe47c818880_mid.jpg', '20.00', '20.00', '10,11,12,13,14,15,16,17,18,19,20,21', 'pic_13_1434898709877.jpg', '美睫', '564', '0.00', '20', '20');
INSERT INTO `demo` VALUES ('72', '13', '测试21', 0xE6B58BE8AF953231, '5209bc42871fd_small.png', '115.00', '115.00', '10,11,12,13,14,16,17,18,19,20', 'pic_13_1434898874642.png', '美睫', '558', '0.00', '115', '15');

-- ----------------------------
-- Table structure for `emp_comment`
-- ----------------------------
DROP TABLE IF EXISTS `emp_comment`;
CREATE TABLE `emp_comment` (
  `id` int(11) NOT NULL AUTO_INCREMENT,
  `empId` int(11) NOT NULL,
  `customerId` int(11) NOT NULL,
  `comment` mediumtext COLLATE utf8_bin,
  `level` int(2) DEFAULT '1' COMMENT '评价等级 1好评1分 2中评0分 3差评-1分',
  `comTime` varchar(20) COLLATE utf8_bin DEFAULT '' COMMENT '评价时间',
  `majorScore` decimal(5,1) unsigned zerofill DEFAULT '0000.0' COMMENT '专业得分',
  `comScore` decimal(5,1) unsigned zerofill DEFAULT '0000.0' COMMENT '沟通得分',
  `punctualScore` decimal(5,1) unsigned zerofill DEFAULT '0000.0' COMMENT '守时得分',
  PRIMARY KEY (`id`),
  KEY `fk_emp_empId` (`empId`),
  KEY `fk_emp_customerId` (`customerId`),
  CONSTRAINT `fk_emp_customerId` FOREIGN KEY (`customerId`) REFERENCES `customer` (`id`) ON DELETE CASCADE,
  CONSTRAINT `fk_emp_empId` FOREIGN KEY (`empId`) REFERENCES `employee` (`id`) ON DELETE CASCADE
) ENGINE=InnoDB AUTO_INCREMENT=17 DEFAULT CHARSET=utf8 COLLATE=utf8_bin;

-- ----------------------------
-- Records of emp_comment
-- ----------------------------

-- ----------------------------
-- Table structure for `employee`
-- ----------------------------
DROP TABLE IF EXISTS `employee`;
CREATE TABLE `employee` (
  `id` int(11) NOT NULL AUTO_INCREMENT COMMENT '主键',
  `nickName` varchar(50) COLLATE utf8_bin NOT NULL DEFAULT '' COMMENT '昵称',
  `sex` varchar(2) COLLATE utf8_bin DEFAULT '',
  `majorScore` decimal(5,1) DEFAULT '0.0' COMMENT '专业得分',
  `comScore` decimal(5,1) DEFAULT '0.0' COMMENT '沟通得分',
  `punctualScore` decimal(5,1) DEFAULT '0.0' COMMENT '守时得分',
  `avgPrice` decimal(10,2) DEFAULT '0.00' COMMENT '均价',
  `serverScope` mediumtext COLLATE utf8_bin COMMENT '服务范围',
  `headImg` varchar(100) COLLATE utf8_bin DEFAULT '' COMMENT '头像',
  `state` varchar(5) COLLATE utf8_bin DEFAULT '在职' COMMENT '在职状态 离职 在职',
  `sellerId` int(11) DEFAULT NULL COMMENT '卖家id',
  `commentScore` int(11) DEFAULT '0' COMMENT '评价得分',
  PRIMARY KEY (`id`),
  KEY `fk_emp_sellerId` (`sellerId`),
  CONSTRAINT `fk_emp_sellerId` FOREIGN KEY (`sellerId`) REFERENCES `seller` (`id`) ON DELETE CASCADE
) ENGINE=InnoDB AUTO_INCREMENT=569 DEFAULT CHARSET=utf8 COLLATE=utf8_bin;

-- ----------------------------
-- Records of employee
-- ----------------------------
INSERT INTO `employee` VALUES ('545', '测试1', '男', '0.0', '0.0', '0.0', '0.00', 0xE6B58BE8AF9531E79A84E69C8DE58AA1E88C83E59BB4, 'pic_13_empHeadImg_1434891990496.jpg', '在职', '13', '0');
INSERT INTO `employee` VALUES ('546', '测试2', '男', '0.0', '0.0', '0.0', '0.00', 0xE6B58BE8AF9532E79A84E69C8DE58AA1E88C83E59BB4, 'pic_13_empHeadImg_1434892016720.jpg', '在职', '13', '0');
INSERT INTO `employee` VALUES ('547', '测试3', '男', '0.0', '0.0', '0.0', '0.00', 0xE6B58BE8AF9533E79A84E69C8DE58AA1E88C83E59BB4, 'pic_13_empHeadImg_1434892034442.jpg', '在职', '13', '0');
INSERT INTO `employee` VALUES ('548', '测试4', '男', '0.0', '0.0', '0.0', '0.00', 0xE6B58BE8AF9534E79A84E69C8DE58AA1E88C83E59BB4, 'pic_13_empHeadImg_1434892054001.jpg', '在职', '13', '0');
INSERT INTO `employee` VALUES ('549', '测试5', '男', '0.0', '0.0', '0.0', '0.00', 0xE6B58BE8AF9535E79A84E69C8DE58AA1E88C83E59BB4, 'pic_13_empHeadImg_1434892069712.jpg', '在职', '13', '0');
INSERT INTO `employee` VALUES ('550', '测试6', '男', '0.0', '0.0', '0.0', '0.00', 0xE6B58BE8AF9536E79A84E69C8DE58AA1E88C83E59BB4, 'pic_13_empHeadImg_1434892084184.jpg', '在职', '13', '0');
INSERT INTO `employee` VALUES ('551', '测试7', '男', '0.0', '0.0', '0.0', '0.00', 0xE6B58BE8AF9537E79A84E69C8DE58AA1E88C83E59BB4, 'pic_13_empHeadImg_1434892099637.jpg', '在职', '13', '0');
INSERT INTO `employee` VALUES ('552', '测试9', '男', '0.0', '0.0', '0.0', '0.00', 0xE6B58BE8AF9539E79A84E69C8DE58AA1E88C83E59BB4, 'pic_13_empHeadImg_1434892124364.jpg', '在职', '13', '0');
INSERT INTO `employee` VALUES ('553', '测试8', '男', '0.0', '0.0', '0.0', '0.00', 0xE6B58BE8AF9538E79A84E69C8DE58AA1E88C83E59BB4, 'pic_13_empHeadImg_1434892149992.png', '在职', '13', '0');
INSERT INTO `employee` VALUES ('554', '测试10', '男', '0.0', '0.0', '0.0', '0.00', 0xE6B58BE8AF9539E79A84E69C8DE58AA1E88C83E59BB4, 'pic_13_empHeadImg_1434892165182.jpg', '在职', '13', '0');
INSERT INTO `employee` VALUES ('555', '测试11', '男', '0.0', '0.0', '0.0', '0.00', 0xE6B58BE8AF953131E79A84E69C8DE58AA1E88C83E59BB4, 'pic_13_empHeadImg_1434892184165.jpg', '在职', '13', '0');
INSERT INTO `employee` VALUES ('556', '测试12', '男', '0.0', '0.0', '0.0', '0.00', 0xE6B58BE8AF953132E79A84E69C8DE58AA1E88C83E59BB4, 'pic_13_empHeadImg_1434892200628.png', '在职', '13', '0');
INSERT INTO `employee` VALUES ('557', '测试13', '男', '0.0', '0.0', '0.0', '0.00', 0xE6B58BE8AF953133E79A84E69C8DE58AA1E88C83E59BB4, 'pic_13_empHeadImg_1434892215994.png', '在职', '13', '0');
INSERT INTO `employee` VALUES ('558', '测试14', '男', '0.0', '0.0', '0.0', '0.00', 0xE6B58BE8AF953134E79A84E69C8DE58AA1E88C83E59BB4, 'pic_13_empHeadImg_1434892229449.jpg', '在职', '13', '0');
INSERT INTO `employee` VALUES ('559', '测试15', '男', '0.0', '0.0', '0.0', '0.00', 0xE6B58BE8AF953135E79A84E69C8DE58AA1E88C83E59BB4, 'pic_13_empHeadImg_1434892245876.jpg', '在职', '13', '0');
INSERT INTO `employee` VALUES ('560', '测试16', '男', '0.0', '0.0', '0.0', '0.00', 0xE6B58BE8AF953136E79A84E69C8DE58AA1E88C83E59BB4, 'pic_13_empHeadImg_1434892261846.png', '在职', '13', '0');
INSERT INTO `employee` VALUES ('561', '测试17', '男', '0.0', '0.0', '0.0', '0.00', 0xE6B58BE8AF953137E79A84E69C8DE58AA1E88C83E59BB4, 'pic_13_empHeadImg_1434892278710.png', '在职', '13', '0');
INSERT INTO `employee` VALUES ('562', '测试18', '男', '0.0', '0.0', '0.0', '0.00', 0xE6B58BE8AF953138E79A84E69C8DE58AA1E88C83E59BB4, 'pic_13_empHeadImg_1434892295418.png', '在职', '13', '0');
INSERT INTO `employee` VALUES ('563', '测试19', '男', '0.0', '0.0', '0.0', '0.00', 0xE6B58BE8AF953139E79A84E69C8DE58AA1E88C83E59BB4, 'pic_13_empHeadImg_1434893480001.jpg', '在职', '13', '0');
INSERT INTO `employee` VALUES ('564', '测试20', '男', '0.0', '0.0', '0.0', '0.00', 0xE6B58BE8AF953230E79A84E69C8DE58AA1E88C83E59BB4, 'pic_13_empHeadImg_1434893496788.jpg', '在职', '13', '0');
INSERT INTO `employee` VALUES ('565', '测试21', '男', '0.0', '0.0', '0.0', '0.00', 0xE6B58BE8AF953231E79A84E69C8DE58AA1E88C83E59BB4, 'pic_13_empHeadImg_1434893511974.jpg', '在职', '13', '0');
INSERT INTO `employee` VALUES ('566', '测试22', '男', '0.0', '0.0', '0.0', '0.00', 0xE6B58BE8AF953232E79A84E69C8DE58AA1E88C83E59BB4, 'pic_13_empHeadImg_1434893526043.jpg', '在职', '13', '0');
INSERT INTO `employee` VALUES ('567', 'fffff', '男', '0.0', '0.0', '0.0', '0.00', 0x66666666, 'pic_13_empHeadImg_1434943944340.jpg', '在职', '13', '0');
INSERT INTO `employee` VALUES ('568', 'dddddddddd', '男', '0.0', '0.0', '0.0', '0.00', 0x646464646464646464, 'pic_13_empHeadImg_1434948411520.jpg', '在职', '13', '0');

-- ----------------------------
-- Table structure for `favorite`
-- ----------------------------
DROP TABLE IF EXISTS `favorite`;
CREATE TABLE `favorite` (
  `id` int(11) NOT NULL AUTO_INCREMENT,
  `type` int(1) NOT NULL COMMENT '收藏类型 0作品 1手艺人',
  `userId` int(11) DEFAULT NULL COMMENT '用户ID',
  `entityId` int(11) DEFAULT NULL COMMENT '作品 或 手艺人 id',
  PRIMARY KEY (`id`),
  KEY `fk_fa_userId` (`userId`),
  CONSTRAINT `fk_fa_userId` FOREIGN KEY (`userId`) REFERENCES `customer` (`id`) ON DELETE CASCADE
) ENGINE=InnoDB AUTO_INCREMENT=77 DEFAULT CHARSET=utf8 COLLATE=utf8_bin;

-- ----------------------------
-- Records of favorite
-- ----------------------------
INSERT INTO `favorite` VALUES ('2', '1', '26', '536');
INSERT INTO `favorite` VALUES ('4', '0', '26', '43');
INSERT INTO `favorite` VALUES ('8', '1', '26', '537');
INSERT INTO `favorite` VALUES ('29', '1', '27', '536');
INSERT INTO `favorite` VALUES ('44', '0', '26', '39');
INSERT INTO `favorite` VALUES ('57', '0', '32', '44');
INSERT INTO `favorite` VALUES ('58', '1', '32', '536');
INSERT INTO `favorite` VALUES ('59', '0', '32', '39');
INSERT INTO `favorite` VALUES ('60', '0', '32', '51');
INSERT INTO `favorite` VALUES ('61', '0', '32', '50');
INSERT INTO `favorite` VALUES ('62', '0', '32', '46');
INSERT INTO `favorite` VALUES ('63', '0', '32', '46');
INSERT INTO `favorite` VALUES ('66', '0', '26', '66');
INSERT INTO `favorite` VALUES ('74', '0', '32', '59');
INSERT INTO `favorite` VALUES ('75', '1', '32', '554');
INSERT INTO `favorite` VALUES ('76', '1', '32', '545');

-- ----------------------------
-- Table structure for `grab_order`
-- ----------------------------
DROP TABLE IF EXISTS `grab_order`;
CREATE TABLE `grab_order` (
  `id` int(11) NOT NULL AUTO_INCREMENT,
  `poid` int(11) NOT NULL,
  `sellerId` int(11) NOT NULL COMMENT '商家ID',
  `grabOrderTime` varchar(20) COLLATE utf8_bin NOT NULL DEFAULT '' COMMENT '抢单时间',
  `adopted` int(1) NOT NULL DEFAULT '0' COMMENT '是否采纳 0未采纳  1采纳',
  PRIMARY KEY (`id`)
) ENGINE=InnoDB DEFAULT CHARSET=utf8 COLLATE=utf8_bin;

-- ----------------------------
-- Records of grab_order
-- ----------------------------

-- ----------------------------
-- Table structure for `manager`
-- ----------------------------
DROP TABLE IF EXISTS `manager`;
CREATE TABLE `manager` (
  `id` int(11) NOT NULL AUTO_INCREMENT,
  `account` varchar(50) COLLATE utf8_bin NOT NULL,
  `password` varchar(30) COLLATE utf8_bin NOT NULL,
  PRIMARY KEY (`id`),
  UNIQUE KEY `uk_m_account` (`account`) USING BTREE
) ENGINE=InnoDB AUTO_INCREMENT=3 DEFAULT CHARSET=utf8 COLLATE=utf8_bin;

-- ----------------------------
-- Records of manager
-- ----------------------------
INSERT INTO `manager` VALUES ('1', 'nanmeiying', 'nanmeiying');
INSERT INTO `manager` VALUES ('2', 'admin', 'admin');

-- ----------------------------
-- Table structure for `manicure_division`
-- ----------------------------
DROP TABLE IF EXISTS `manicure_division`;
CREATE TABLE `manicure_division` (
  `id` int(11) NOT NULL AUTO_INCREMENT COMMENT '主键',
  `name` varchar(50) COLLATE utf8_bin NOT NULL COMMENT '用户名',
  `sex` varchar(10) COLLATE utf8_bin DEFAULT NULL COMMENT '性别',
  `age` int(11) DEFAULT NULL COMMENT '年龄',
  `star` int(11) DEFAULT NULL COMMENT '星级',
  `headimg` varchar(100) COLLATE utf8_bin DEFAULT NULL COMMENT '头像',
  `serverScope` mediumtext COLLATE utf8_bin COMMENT '服务商圈',
  PRIMARY KEY (`id`)
) ENGINE=InnoDB DEFAULT CHARSET=utf8 COLLATE=utf8_bin;

-- ----------------------------
-- Records of manicure_division
-- ----------------------------

-- ----------------------------
-- Table structure for `order`
-- ----------------------------
DROP TABLE IF EXISTS `order`;
CREATE TABLE `order` (
  `id` varchar(100) COLLATE utf8_bin NOT NULL COMMENT '订单id',
  `userid` int(11) NOT NULL COMMENT '买家（用户）id',
  `userName` varchar(50) COLLATE utf8_bin DEFAULT '' COMMENT '用户名',
  `telephone` varchar(11) COLLATE utf8_bin DEFAULT '' COMMENT '手机号',
  `state` varchar(10) COLLATE utf8_bin NOT NULL DEFAULT '未付款' COMMENT '订单状态 未付款 交易成功 取消订单',
  `demoid` int(11) NOT NULL COMMENT '作品id',
  `empId` int(11) DEFAULT NULL COMMENT '手艺人Id',
  `ordertime` varchar(20) COLLATE utf8_bin NOT NULL DEFAULT '' COMMENT '预约时间',
  `paytime` varchar(20) COLLATE utf8_bin NOT NULL DEFAULT '' COMMENT '付款时间',
  `hasComment` int(2) DEFAULT '0' COMMENT '是否评论 0未评论 1 已评论',
  `price` varchar(10) COLLATE utf8_bin DEFAULT '' COMMENT '订单价格',
  `bookTime` varchar(20) COLLATE utf8_bin DEFAULT '' COMMENT '预约时间',
  `serverAddress` mediumtext COLLATE utf8_bin COMMENT '服务地址',
  PRIMARY KEY (`id`),
  KEY `fk_o_userid` (`userid`),
  KEY `fk_o_demoid` (`demoid`)
) ENGINE=InnoDB DEFAULT CHARSET=utf8 COLLATE=utf8_bin;

-- ----------------------------
-- Records of order
-- ----------------------------
INSERT INTO `order` VALUES ('1111111111', '26', 'ddddd', '11111111111', '取消订单', '39', '539', '2015-06-07 22:24:26', '2015-06-07 22:24:52', '0', '2443.4', '2015-06-08 10:00', 0xE58C97E4BAACE4B889E9878CE5B1AF);
INSERT INTO `order` VALUES ('2015061581989910', '27', '测试', '13511111111', '取消订单', '39', '539', '2015-06-15 23:26:29', '', '0', '2222', '2015-06-16 11:00', 0xE58C97E4BAACE5B88220E6B58BE8AF95E59CB0E59D80E6B58BE8AF95E59CB0E59D80E6B58BE8AF95E59CB0E59D80E6B58BE8AF95E59CB0E59D80E6B58BE8AF95E59CB0E59D80E6B58BE8AF95E59CB0E59D80);
INSERT INTO `order` VALUES ('2015061582240370', '27', '测试', '13511111111', '交易成功', '39', '539', '2015-06-15 23:30:40', '2015-06-17 23:27:23', '0', '2222', '2015-06-16 11:00', 0xE58C97E4BAACE5B88220E6B58BE8AF95E59CB0E59D80E6B58BE8AF95E59CB0E59D80E6B58BE8AF95E59CB0E59D80E6B58BE8AF95E59CB0E59D80E6B58BE8AF95E59CB0E59D80E6B58BE8AF95E59CB0E59D80);
INSERT INTO `order` VALUES ('2015061582786864', '27', '测试', '13511111111', '未付款', '39', '539', '2015-06-15 23:39:47', '', '0', '2222', '2015-06-16 11:00', 0xE58C97E4BAACE5B88220E6B58BE8AF95E59CB0E59D80E6B58BE8AF95E59CB0E59D80E6B58BE8AF95E59CB0E59D80E6B58BE8AF95E59CB0E59D80E6B58BE8AF95E59CB0E59D80E6B58BE8AF95E59CB0E59D80);
INSERT INTO `order` VALUES ('2015061655628635', '27', '测试', '13511111111', '交易成功', '39', '539', '2015-06-16 19:53:48', '', '0', '2222', '2015-06-17 12:00', 0xE9878DE5BA86E5B88220E6B58BE8AF95E59CB0E59D80E6B58BE8AF95E59CB0E59D80E6B58BE8AF95E59CB0E59D80E6B58BE8AF95E59CB0E59D80E6B58BE8AF95E59CB0E59D80E6B58BE8AF95E59CB0E59D80);
INSERT INTO `order` VALUES ('2015061655897024', '27', '测试', '13511111111', '交易成功', '39', '539', '2015-06-16 19:58:17', '', '0', '2222', '2015-06-17 13:00', 0xE58C97E4BAACE5B88220E6B58BE8AF95E59CB0E59D80E6B58BE8AF95E59CB0E59D80E6B58BE8AF95E59CB0E59D80E6B58BE8AF95E59CB0E59D80E6B58BE8AF95E59CB0E59D80E6B58BE8AF95E59CB0E59D80);
INSERT INTO `order` VALUES ('2015061655988063', '27', '测试', '13511111111', '交易成功', '39', '539', '2015-06-16 19:59:48', '', '0', '2222', '2015-06-17 14:00', 0xE58C97E4BAACE5B88220E6B58BE8AF95E59CB0E59D80E6B58BE8AF95E59CB0E59D80E6B58BE8AF95E59CB0E59D80E6B58BE8AF95E59CB0E59D80E6B58BE8AF95E59CB0E59D80E6B58BE8AF95E59CB0E59D80);
INSERT INTO `order` VALUES ('2015061656542436', '27', '测试11111', '13522222222', '交易成功', '39', '539', '2015-06-16 20:09:02', '', '0', '2222', '2015-06-17 15:00', 0xE9878DE5BA86E5B88220E6B58BE8AF95E59CB0E59D80E6B58BE8AF95E59CB0E59D80E6B58BE8AF95E59CB0E59D80E6B58BE8AF95E59CB0E59D80E6B58BE8AF95E59CB0E59D80E6B58BE8AF95E59CB0E59D80);
INSERT INTO `order` VALUES ('2015061744202261', '26', 'dddfds', '13333333333', '未付款', '39', '539', '2015-06-17 20:30:02', '', '0', '2443.4', '2015-06-18 10:00', 0xE58C97E4BAACE4B889E9878CE5B1AF);
INSERT INTO `order` VALUES ('2015062208377090', '26', 'dddfds', '13333333333', '未付款', '39', '536', '2015-06-22 01:39:37', '', '0', '2443.4', '2015-06-23 10:00', 0xE58C97E4BAACE4B889E9878CE5B1AF);
INSERT INTO `order` VALUES ('2015062208385489', '32', 'dddfds', '13333333333', '未付款', '39', '536', '2015-06-22 01:39:45', '', '0', '2443.4', '2015-06-23 10:00', 0xE58C97E4BAACE4B889E9878CE5B1AF);
INSERT INTO `order` VALUES ('22222', '26', 'eeeeee', '22222222222', '取消订单', '39', '539', '2015-06-07 22:24:30', '', '0', '2443.4', '2015-06-08 10:00', 0xE58C97E4BAACE4B889E9878CE5B1AF);
INSERT INTO `order` VALUES ('3333333', '26', 'eeeerrrrrr', '33333333333', '取消订单', '39', '539', '2015-06-07 22:24:33', '', '0', '2443.4', '2015-06-08 10:00', 0xE58C97E4BAACE4B889E9878CE5B1AF);

-- ----------------------------
-- Table structure for `privateorder`
-- ----------------------------
DROP TABLE IF EXISTS `privateorder`;
CREATE TABLE `privateorder` (
  `id` int(11) NOT NULL AUTO_INCREMENT COMMENT '主键',
  `userid` int(11) NOT NULL COMMENT '客户id',
  `cityId` int(11) DEFAULT NULL COMMENT '服务城市',
  `reqPicName` varchar(100) COLLATE utf8_bin DEFAULT '' COMMENT '模型图片',
  `serverAddress` mediumtext COLLATE utf8_bin COMMENT '服务地点',
  `state` int(1) NOT NULL DEFAULT '0' COMMENT '私人订制状态 0未抢单 1已被抢 2已成功 3已作废',
  `successTime` varchar(20) COLLATE utf8_bin DEFAULT '' COMMENT '交易成功实时间',
  `ordertime` varchar(20) COLLATE utf8_bin DEFAULT '' COMMENT '下单时间',
  `description` mediumtext COLLATE utf8_bin COMMENT '需求描述',
  `price` varchar(20) COLLATE utf8_bin DEFAULT '' COMMENT '理想价格',
  `grabOrderSellerId` int(11) DEFAULT NULL COMMENT '抢单商家ID',
  `grabTime` varchar(20) COLLATE utf8_bin DEFAULT NULL COMMENT '抢单时间',
  PRIMARY KEY (`id`),
  KEY `fk_pri_userid` (`userid`),
  CONSTRAINT `fk_pri_userid` FOREIGN KEY (`userid`) REFERENCES `customer` (`id`) ON DELETE CASCADE
) ENGINE=InnoDB AUTO_INCREMENT=24 DEFAULT CHARSET=utf8 COLLATE=utf8_bin;

-- ----------------------------
-- Records of privateorder
-- ----------------------------
INSERT INTO `privateorder` VALUES ('12', '32', '1', 'pic_reqImg_1434435672436.jpg', 0x3131313131, '2', '2015-06-16 14:21:12', '2015-06-16 14:21:12', 0x3131313131, '12', '13', '2015-06-21 16:34:02');
INSERT INTO `privateorder` VALUES ('13', '27', '3', 'pic_reqImg_1434470875425.jpg', 0xE6B58BE8AF95E59CB0E59D80E6B58BE8AF95E59CB0E59D80E6B58BE8AF95E59CB0E59D80E6B58BE8AF95E59CB0E59D80E6B58BE8AF95E59CB0E59D80E6B58BE8AF95E59CB0E59D80, '0', '', '2015-06-17 00:07:55', 0x6365736869, '12', null, null);
INSERT INTO `privateorder` VALUES ('14', '27', '3', 'pic_reqImg_1434554542113.jpg', 0xE6B58BE8AF95E59CB0E59D80E6B58BE8AF95E59CB0E59D80E6B58BE8AF95E59CB0E59D80E6B58BE8AF95E59CB0E59D80E6B58BE8AF95E59CB0E59D80E6B58BE8AF95E59CB0E59D80, '0', '', '2015-06-17 23:22:22', 0x313131, '12', null, null);
INSERT INTO `privateorder` VALUES ('15', '32', '1', 'pic_reqImg_1434562833580.jpg', 0xE5B1B1E4B89CE79C81E99D92E5B29BE5B882E69D8EE6B2A7E58CBAE5B885E6BDAEE8B7AF, '2', '2015-06-16 14:21:12', '2015-06-18 01:40:33', 0x313131313131, '12', '13', '2015-06-21 17:06:29');
INSERT INTO `privateorder` VALUES ('16', '32', '3', 'pic_reqImg_1434562952316.jpg', 0xE5B1B1E4B89CE79C81E99D92E5B29BE5B882E69D8EE6B2A7E58CBAE5B885E6BDAEE8B7AF, '0', '', '2015-06-18 01:42:32', 0xE4BDA0E5A5BDE4BDA0E5A5BD, '12', null, null);
INSERT INTO `privateorder` VALUES ('17', '32', '1', 'pic_reqImg_1434642659941.JPEG', 0xE5B1B1E4B89CE79C81E99D92E5B29BE5B882E69D8EE6B2A7E58CBAE5B885E6BDAEE8B7AF, '2', '2015-06-22 00:57:17', '2015-06-18 23:50:59', 0x3131313131E5958A, '7654', '13', '2015-06-21 17:25:40');
INSERT INTO `privateorder` VALUES ('18', '32', '1', 'pic_reqImg_1434643102934.jpg', 0xE5B1B1E4B89CE79C81E99D92E5B29BE5B882E69D8EE6B2A7E58CBAE5B885E6BDAEE8B7AF, '2', '2015-06-22 00:57:23', '2015-06-18 23:58:22', 0x313131313131313131, '55543', '13', '2015-06-22 00:57:06');
INSERT INTO `privateorder` VALUES ('19', '32', '1', 'pic_reqImg_1434643209675.jpg', 0xE5B1B1E4B89CE79C81E99D92E5B29BE5B882E69D8EE6B2A7E58CBAE5B885E6BDAEE8B7AF, '2', '2015-06-21 17:25:30', '2015-06-19 00:00:09', 0xE5958AE5958AE5958AE590A7, '33344', '13', '2015-06-21 17:07:51');
INSERT INTO `privateorder` VALUES ('20', '32', '1', 'pic_reqImg_1434643397039.jpg', 0xE5B1B1E4B89CE79C81E99D92E5B29BE5B882E69D8EE6B2A7E58CBAE5B885E6BDAEE8B7AF, '0', '', '2015-06-19 00:03:17', 0xE5958AE5958AE5958AE590A7E68A8AE4BDA0, '333', null, null);
INSERT INTO `privateorder` VALUES ('21', '32', '1', 'pic_reqImg_1434644812888.jpg', 0xE5B1B1E4B89CE79C81E99D92E5B29BE5B882E69D8EE6B2A7E58CBAE5B885E6BDAEE8B7AF, '0', '', '2015-06-19 00:26:52', 0x31313131313131313131, '1111111', null, null);
INSERT INTO `privateorder` VALUES ('22', '32', '1', 'pic_reqImg_1434742998238.jpg', 0xE5B1B1E4B89CE79C81E99D92E5B29BE5B882E69D8EE6B2A7E58CBAE5B885E6BDAEE8B7AF, '0', '', '2015-06-20 03:43:18', 0x7177717171, '1111111', null, null);
INSERT INTO `privateorder` VALUES ('23', '32', '1', 'pic_reqImg_1434909091326.jpg', 0xE5B1B1E4B89CE79C81E99D92E5B29BE5B882E69D8EE6B2A7E58CBAE5B885E6BDAEE8B7AF, '0', '', '2015-06-22 01:51:31', 0xE59CA8E982A3E584BFE6B58BE8AF95, '111', null, null);

-- ----------------------------
-- Table structure for `recruitment`
-- ----------------------------
DROP TABLE IF EXISTS `recruitment`;
CREATE TABLE `recruitment` (
  `id` int(11) NOT NULL AUTO_INCREMENT,
  `city` varchar(11) COLLATE utf8_bin DEFAULT '北京',
  `name` varchar(20) COLLATE utf8_bin DEFAULT NULL,
  `telephone` varchar(11) COLLATE utf8_bin DEFAULT '',
  `workYear` varchar(50) COLLATE utf8_bin DEFAULT NULL,
  `openShop` varchar(2) COLLATE utf8_bin DEFAULT '否' COMMENT '是否  开店经验',
  `hopeSalary` varchar(20) COLLATE utf8_bin DEFAULT NULL,
  `comFocus` varchar(20) COLLATE utf8_bin DEFAULT '' COMMENT '看中公司方面',
  `releaseTime` varchar(20) COLLATE utf8_bin DEFAULT '' COMMENT '发布时间',
  `checked` int(1) DEFAULT '0' COMMENT '是否审核通过 0 未通过 1 通过',
  `applySellerId` int(11) DEFAULT NULL COMMENT '申请商家Id',
  `applyTime` varchar(20) COLLATE utf8_bin DEFAULT NULL COMMENT '申请时间',
  PRIMARY KEY (`id`)
) ENGINE=InnoDB AUTO_INCREMENT=14 DEFAULT CHARSET=utf8 COLLATE=utf8_bin;

-- ----------------------------
-- Records of recruitment
-- ----------------------------
INSERT INTO `recruitment` VALUES ('1', '北京', '南美鹰', '12222222222', '5', '否', '5000', '时间自由', '2015-06-14 09:42:00', '0', null, null);
INSERT INTO `recruitment` VALUES ('2', '北京', '南美鹰啊', '13333333333', '6', '是', '600000', '时间自由', '2015-06-13 09:42:00', '0', null, null);
INSERT INTO `recruitment` VALUES ('3', '北京', '南美鹰', '18354495687', '5年', '是', '60000', '时间自由,赚钱多,未来有奔头', '2015-06-14 10:14:41', '0', null, null);
INSERT INTO `recruitment` VALUES ('4', '北京', '南美鹰', '18354495687', '5年', '是', '60000', '时间自由,赚钱多,未来有奔头', '2015-06-14 14:08:08', '0', null, null);
INSERT INTO `recruitment` VALUES ('5', '北京', '南美鹰', '18354495687', '5年', '是', '60000', '时间自由,赚钱多,未来有奔头', '2015-06-14 14:08:09', '0', null, null);
INSERT INTO `recruitment` VALUES ('6', '北京', '南美鹰', '18354495687', '5年', '是', '60000', '时间自由,赚钱多,未来有奔头', '2015-06-14 17:34:51', '1', '13', '2015-06-21 16:09:52');
INSERT INTO `recruitment` VALUES ('7', '北京', '南美鹰', '18354495687', '5年', '是', '60000', '时间自由,赚钱多,未来有奔头', '2015-06-14 17:34:53', '0', null, null);
INSERT INTO `recruitment` VALUES ('8', '北京', '南美鹰', '18354495687', '5年', '是', '60000', '时间自由,赚钱多,未来有奔头', '2015-06-14 17:42:57', '1', '13', '2015-06-21 15:38:31');
INSERT INTO `recruitment` VALUES ('9', '北京', '南美鹰', '18354495687', '5年', '是', '60000', '时间自由,赚钱多,未来有奔头', '2015-06-14 21:28:35', '0', null, null);
INSERT INTO `recruitment` VALUES ('10', '北京市', 'dsdsad', '32132132132', 'dsada', '是', '434234', '时间自由', '2015-06-14 21:43:04', '1', '13', '2015-06-21 16:01:03');
INSERT INTO `recruitment` VALUES ('11', '重庆市', '测试', '11111111111', '111111', '否', '1111', '时间自由,赚钱多,未来有奔头', '2015-06-14 21:44:21', '1', '13', '2015-06-22 00:57:37');
INSERT INTO `recruitment` VALUES ('12', '北京市', '111', '13511111111', '1', '是', '10000', '时间自由,未来有奔头', '2015-06-18 13:28:46', '1', '13', '2015-06-21 15:38:28');
INSERT INTO `recruitment` VALUES ('13', '北京市', '我自己', '13333333333', '5556426', '是', '1111111', '时间自由,赚钱多', '2015-06-22 00:58:39', '1', '13', '2015-06-22 00:58:58');

-- ----------------------------
-- Table structure for `report_info`
-- ----------------------------
DROP TABLE IF EXISTS `report_info`;
CREATE TABLE `report_info` (
  `id` int(11) NOT NULL AUTO_INCREMENT COMMENT '主键',
  `reportid` int(11) NOT NULL COMMENT '举报者id',
  `reportedid` int(11) NOT NULL COMMENT '被举报者id',
  `reporttype` bit(1) NOT NULL COMMENT '举报类型 0买家举报卖家  1卖家举报买家',
  `reason` mediumtext COLLATE utf8_bin NOT NULL COMMENT '举报理由',
  PRIMARY KEY (`id`)
) ENGINE=InnoDB AUTO_INCREMENT=6 DEFAULT CHARSET=utf8 COLLATE=utf8_bin;

-- ----------------------------
-- Records of report_info
-- ----------------------------
INSERT INTO `report_info` VALUES ('1', '13', '26', '', 0x66647361666473);
INSERT INTO `report_info` VALUES ('2', '13', '26', '', 0x666473666473);
INSERT INTO `report_info` VALUES ('3', '13', '26', '', 0x666473666473);
INSERT INTO `report_info` VALUES ('4', '13', '26', '', 0x66736461666473);
INSERT INTO `report_info` VALUES ('5', '13', '26', '', 0x6666647361666473);

-- ----------------------------
-- Table structure for `seller`
-- ----------------------------
DROP TABLE IF EXISTS `seller`;
CREATE TABLE `seller` (
  `id` int(11) NOT NULL AUTO_INCREMENT COMMENT '主键',
  `regip` varchar(15) COLLATE utf8_bin DEFAULT '' COMMENT '注册ip',
  `loginip` varchar(15) COLLATE utf8_bin DEFAULT '' COMMENT '登录ip',
  `regtime` varchar(20) COLLATE utf8_bin DEFAULT '',
  `logintime` varchar(20) COLLATE utf8_bin DEFAULT '',
  `account` varchar(20) COLLATE utf8_bin NOT NULL DEFAULT '' COMMENT '账号',
  `password` varchar(30) COLLATE utf8_bin NOT NULL DEFAULT '' COMMENT '密码',
  `checked` varchar(2) COLLATE utf8_bin NOT NULL DEFAULT '否' COMMENT '是否通过审核  否 是',
  `jubao` int(11) NOT NULL DEFAULT '0' COMMENT '记录举报次数',
  `checkedtime` varchar(20) COLLATE utf8_bin DEFAULT '' COMMENT '审核时间',
  `authed` varchar(2) COLLATE utf8_bin NOT NULL DEFAULT '否' COMMENT '是否认证 否 是',
  `auth_time` varchar(20) COLLATE utf8_bin DEFAULT '' COMMENT '认证时间',
  `forbidden` varchar(2) COLLATE utf8_bin DEFAULT '否' COMMENT '禁用 否 是',
  PRIMARY KEY (`id`),
  UNIQUE KEY `uk_s_account` (`account`) USING BTREE
) ENGINE=InnoDB AUTO_INCREMENT=30 DEFAULT CHARSET=utf8 COLLATE=utf8_bin;

-- ----------------------------
-- Records of seller
-- ----------------------------
INSERT INTO `seller` VALUES ('13', '127.0.0.1', '182.48.107.2', '2015-05-13 13:32:27', '2015-06-22 12:38:56', 'aaaaaa', 'aaaaaa', '是', '0', null, '是', null, '否');
INSERT INTO `seller` VALUES ('14', '127.0.0.1', '106.39.2.226', '2015-05-13 00:33:49', '2015-05-15 08:25:08', 'nanmeiying2', 'nanmeiying2', '是', '0', null, '否', null, '否');
INSERT INTO `seller` VALUES ('15', '58.56.176.46', '58.56.176.46', '2015-05-13 15:18:48', '2015-05-13 15:18:57', 'wuzq', '123456', '是', '0', '2015-05-28 00:57:05', '否', null, '否');
INSERT INTO `seller` VALUES ('16', '45.33.55.240', '45.33.55.240', '2015-05-14 22:14:44', '2015-05-14 22:14:50', 'nanmeiying88', 'nSGD6MkIyUenVRDVMf5FQ', '否', '0', null, '否', null, '否');
INSERT INTO `seller` VALUES ('17', '114.248.204.47', '114.248.204.47', '2015-05-14 22:52:40', '2015-05-14 22:52:47', '1234', '123456', '是', '0', '2015-05-28 00:57:09', '否', null, '否');
INSERT INTO `seller` VALUES ('18', '106.39.2.226', '106.39.2.226', '2015-05-15 08:25:34', '2015-05-15 08:25:43', 'nanmeiying3', 'nanmeiying3', '否', '0', null, '否', null, '否');
INSERT INTO `seller` VALUES ('21', '58.56.176.14', '58.56.176.14', '2015-05-26 18:20:09', '2015-05-26 22:21:06', 'wuzhiqian', 'wuzhiqian', '否', '0', null, '否', null, '否');
INSERT INTO `seller` VALUES ('22', '127.0.0.1', '127.0.0.1', '2015-05-27 23:55:15', '2015-05-28 00:15:59', 'bbbbbb', 'bbbbbb', '是', '0', '2015-05-28 00:07:06', '是', '', '否');
INSERT INTO `seller` VALUES ('23', '127.0.0.1', '127.0.0.1', '2015-05-28 00:16:21', '2015-05-28 00:30:26', 'cccccc', 'cccccc', '是', '0', '2015-05-28 00:18:04', '是', '', '否');
INSERT INTO `seller` VALUES ('24', '127.0.0.1', '127.0.0.1', '2015-05-28 00:30:57', '2015-05-28 00:31:02', 'dddddd', 'dddddd', '是', '0', '2015-05-28 00:35:13', '是', '', '否');
INSERT INTO `seller` VALUES ('25', '127.0.0.1', '127.0.0.1', '2015-05-28 00:34:11', '2015-05-28 00:34:16', 'eeeeee', 'eeeeee', '否', '0', '', '是', '', '否');
INSERT INTO `seller` VALUES ('26', '127.0.0.1', '127.0.0.1', '2015-05-28 00:50:37', '2015-05-28 01:05:49', 'gggggg', 'gggggg', '是', '0', '2015-05-28 01:06:57', '是', '', '否');
INSERT INTO `seller` VALUES ('27', '127.0.0.1', '127.0.0.1', '2015-05-28 00:52:45', '2015-05-28 00:52:48', 'ssssss', 'ssssss', '否', '0', '', '是', '', '否');
INSERT INTO `seller` VALUES ('28', '127.0.0.1', '127.0.0.1', '2015-05-28 01:07:21', '2015-05-28 01:12:04', 'tttttt', 'tttttt', '否', '0', '', '是', '', '否');
INSERT INTO `seller` VALUES ('29', '127.0.0.1', '127.0.0.1', '2015-05-28 01:12:17', '2015-05-28 01:12:21', 'kkkkkk', 'kkkkkk', '否', '0', '', '是', '', '否');

-- ----------------------------
-- Table structure for `seller_validate_info`
-- ----------------------------
DROP TABLE IF EXISTS `seller_validate_info`;
CREATE TABLE `seller_validate_info` (
  `id` int(11) NOT NULL AUTO_INCREMENT COMMENT '主键',
  `sellerid` int(11) NOT NULL COMMENT '卖家id',
  `name` varchar(20) COLLATE utf8_bin NOT NULL COMMENT '用户名称',
  `identify` varchar(18) COLLATE utf8_bin NOT NULL COMMENT '身份证号',
  `shopname` varchar(50) COLLATE utf8_bin NOT NULL COMMENT '店名',
  `cityId` int(11) DEFAULT '1' COMMENT '所在城市',
  `address` varchar(100) COLLATE utf8_bin NOT NULL COMMENT '地址',
  `payaccount` varchar(100) COLLATE utf8_bin NOT NULL COMMENT '支付宝账户',
  `servicescope` mediumtext COLLATE utf8_bin NOT NULL COMMENT '服务范围',
  `telephone` varchar(11) COLLATE utf8_bin NOT NULL COMMENT '手机号',
  `sex` varchar(5) COLLATE utf8_bin DEFAULT '男',
  `birthday` varchar(20) COLLATE utf8_bin DEFAULT '',
  `email` varchar(50) COLLATE utf8_bin DEFAULT '',
  `head_img` varchar(100) COLLATE utf8_bin DEFAULT '',
  `identify_img` varchar(100) COLLATE utf8_bin DEFAULT '',
  `alipay_private_key` varchar(50) COLLATE utf8_bin DEFAULT '33333333333333' COMMENT '支付宝私钥',
  `alipay_pid` varchar(50) COLLATE utf8_bin DEFAULT '',
  `alipay_public_key` varchar(50) COLLATE utf8_bin DEFAULT '3333333333333' COMMENT '支付宝公钥',
  PRIMARY KEY (`id`),
  KEY `fk_sv_sellerid` (`sellerid`),
  KEY `fk_sv_cityId` (`cityId`),
  CONSTRAINT `fk_sv_cityId` FOREIGN KEY (`cityId`) REFERENCES `city` (`id`),
  CONSTRAINT `fk_sv_sellerid` FOREIGN KEY (`sellerid`) REFERENCES `seller` (`id`) ON DELETE CASCADE
) ENGINE=InnoDB AUTO_INCREMENT=15 DEFAULT CHARSET=utf8 COLLATE=utf8_bin;

-- ----------------------------
-- Records of seller_validate_info
-- ----------------------------
INSERT INTO `seller_validate_info` VALUES ('6', '13', '王小二', '111111111111111111', '小二', '1', '小二北京', '111111@qq.com', 0x646464646464646464646464646464646464646464646464646464646464646464646464646464646464646464646464646464646464646464646464646464646464646464646464646464646464646464646464646464646464646464646464646464646464646464646464646464646464646464646464646464646464646464646464646464646464646464646464646464646464646464646464646464646464646464646464646464646464646464646464646464646464646464646464646464646464646464646464646464646464646464646464646464646464646464646464646464646464646464646464646464646464646464646464646464646464646464646464646464646464646464646464646464646464646464646464646464646464646464646464646464646464646464646464646464646464646464646464646464646464646464646464646464646464646464646464646464646464646464646464646464646464646464646464646464646464646464646464646464646464646464646464646464646464646464646464646464646464646464646464646464646464646464646464646464646464646464646464646464646464646464646464646464646464646464646464646464646464646464646464646464646464646464646464646464646464646464646464646464646464646464646464646464646464646464646464646464646464646464646464646464646464646464646464646464646464646464646464646464646464646464646464646464646464646464646464646464646464646464646464646464646464646464646464646464646464646464646464646464646464646464646464646464646464646464646464, '12222222222', '男', '1989-09-09', 'fjdskfsd@qq.com', 'pic_head_1434775885465.jpg', 'pic_identify_1433011968589.jpg', '333333333', '3333333333333', '333333333');
INSERT INTO `seller_validate_info` VALUES ('7', '22', '张三', '122222222222222222', '张三店铺', '1', '北京店铺', 'ssss@qq.com', 0x646464646464646464646464646464646464646464646464646464646464646464646464646464646464646464646464646464646464646464646464646464646464646464646464646464646464646464646464646464646464646464646464646464646464646464646464646464646464646464646464646464646464646464646464646464646464646464646464646464646464646464646464646464646464646464646464646464646464646464646464646464646464646464646464646464646464646464646464646464646464646464646464646464646464646464646464646464646464646464646464646464646464646464646464646464646464646464646464646464646464646464646464646464646464646464646464646464646464646464646464646464646464646464646464646464646464646464646464646464646464646464646464646464646464646464646464646464646464646464646464646464646464646464646464646464646464646464646464646464646464646464646464646464646464646464646464646464646464646464646464646464646464646464646464646464646464646464646464646464646464646464646464646464646464646464646464646464646464646464646464646464646464646464646464646464646464646464646464646464646464646464646464646464646464646464646464646464646464646464646464646464646464646464646464646464646464646464646464646464646464646464646464646464646464646464646464646464646464646464646464646464646464646464646464646464646464646464646464646464646464646464646464646464646464646464646464, '12345678903', '男', '1990-09-09', 'fdsfdsa@qq.com', 'pic_head_1432742740589.jpg', 'pic_identify_1432742740589.jpg', '3333333333333', 'uuuuuuuuuuu', '333333333');
INSERT INTO `seller_validate_info` VALUES ('8', '23', 'zhaoliu', '122222222222222222', 'fjdlsk', '1', 'fjdsla', 'sss@qq.com', 0x646464646464646464646464646464646464646464646464646464646464646464646464646464646464646464646464646464646464646464646464646464646464646464646464646464646464646464646464646464646464646464646464646464646464646464646464646464646464646464646464646464646464646464646464646464646464646464646464646464646464646464646464646464646464646464646464646464646464646464646464646464646464646464646464646464646464646464646464646464646464646464646464646464646464646464646464646464646464646464646464646464646464646464646464646464646464646464646464646464646464646464646464646464646464646464646464646464646464646464646464646464646464646464646464646464646464646464646464646464646464646464646464646464646464646464646464646464646464646464646464646464646464646464646464646464646464646464646464646464646464646464646464646464646464646464646464646464646464646464646464646464646464646464646464646464646464646464646464646464646464646464646464646464646464646464646464646464646464646464646464646464646464646464646464646464646464646464646464646464646464646464646464646464646464646464646464646464646464646464646464646464646464646464646464646464646464646464646464646464646464646464646464646464646464646464646464646464646464646464646464646464646464646464646464646464646464646464646464646464646464646464646464646464646464646464646464, '12222222222', '男', '1990-09-09', 'fdsa@qq.com', 'pic_head_1432744234203.jpg', 'pic_identify_1432744234233.jpg', 'fjdslfjdlks', 'ffdsafds', '333333333');
INSERT INTO `seller_validate_info` VALUES ('9', '24', 'fdsafds', '122222222222222222', 'fdsa', '1', 'fdsa', 'fdsa@qq.com', 0x646464646464646464646464646464646464646464646464646464646464646464646464646464646464646464646464646464646464646464646464646464646464646464646464646464646464646464646464646464646464646464646464646464646464646464646464646464646464646464646464646464646464646464646464646464646464646464646464646464646464646464646464646464646464646464646464646464646464646464646464646464646464646464646464646464646464646464646464646464646464646464646464646464646464646464646464646464646464646464646464646464646464646464646464646464646464646464646464646464646464646464646464646464646464646464646464646464646464646464646464646464646464646464646464646464646464646464646464646464646464646464646464646464646464646464646464646464646464646464646464646464646464646464646464646464646464646464646464646464646464646464646464646464646464646464646464646464646464646464646464646464646464646464646464646464646464646464646464646464646464646464646464646464646464646464646464646464646464646464646464646464646464646464646464646464646464646464646464646464646464646464646464646464646464646464646464646464646464646464646464646464646464646464646464646464646464646464646464646464646464646464646464646464646464646464646464646464646464646464646464646464646464646464646464646464646464646464646464646464646464646464646464646464646464646464646464, '12222222222', '男', '12222222222', '222@qq.com', 'pic_head_1432744305234.jpg', 'pic_identify_1432744305234.jpg', 'fdsa', 'fdsa', '333333333');
INSERT INTO `seller_validate_info` VALUES ('10', '25', 'fdsa', '122222222222222222', 'fdsa', '1', 'fdsafdsa', 'fdsa@qq.com', 0x646464646464646464646464646464646464646464646464646464646464646464646464646464646464646464646464646464646464646464646464646464646464646464646464646464646464646464646464646464646464646464646464646464646464646464646464646464646464646464646464646464646464646464646464646464646464646464646464646464646464646464646464646464646464646464646464646464646464646464646464646464646464646464646464646464646464646464646464646464646464646464646464646464646464646464646464646464646464646464646464646464646464646464646464646464646464646464646464646464646464646464646464646464646464646464646464646464646464646464646464646464646464646464646464646464646464646464646464646464646464646464646464646464646464646464646464646464646464646464646464646464646464646464646464646464646464646464646464646464646464646464646464646464646464646464646464646464646464646464646464646464646464646464646464646464646464646464646464646464646464646464646464646464646464646464646464646464646464646464646464646464646464646464646464646464646464646464646464646464646464646464646464646464646464646464646464646464646464646464646464646464646464646464646464646464646464646464646464646464646464646464646464646464646464646464646464646464646464646464646464646464646464646464646464646464646464646464646464646464646464646464646464646464646464646464646464, '12222222222', '男', '33333', 'fdsfds@qq.com', 'pic_head_1432744495921.jpg', 'pic_identify_1432744495951.jpg', 'fdsa', 'fdsa', '333333333');
INSERT INTO `seller_validate_info` VALUES ('11', '26', 'fdsa', '122222222222222222', 'fdsa', '1', 'fdsa', 'fdsa@qq.com', 0x646464646464646464646464646464646464646464646464646464646464646464646464646464646464646464646464646464646464646464646464646464646464646464646464646464646464646464646464646464646464646464646464646464646464646464646464646464646464646464646464646464646464646464646464646464646464646464646464646464646464646464646464646464646464646464646464646464646464646464646464646464646464646464646464646464646464646464646464646464646464646464646464646464646464646464646464646464646464646464646464646464646464646464646464646464646464646464646464646464646464646464646464646464646464646464646464646464646464646464646464646464646464646464646464646464646464646464646464646464646464646464646464646464646464646464646464646464646464646464646464646464646464646464646464646464646464646464646464646464646464646464646464646464646464646464646464646464646464646464646464646464646464646464646464646464646464646464646464646464646464646464646464646464646464646464646464646464646464646464646464646464646464646464646464646464646464646464646464646464646464646464646464646464646464646464646464646464646464646464646464646464646464646464646464646464646464646464646464646464646464646464646464646464646464646464646464646464646464646464646464646464646464646464646464646464646464646464646464646464646464646464646464646464646464646464646464, '12222222222', '男', 'fdsa', 'fsdafsd@qq.com', 'pic_head_1432746398882.jpg', 'pic_identify_1432746398912.jpg', 'fsafdsa', 'fsdaf', '333333333');
INSERT INTO `seller_validate_info` VALUES ('12', '27', 'fdsfsd', '122222222222222222', 'gfds', '3', 'gfds', 'gfd@qq.com', 0x646464646464646464646464646464646464646464646464646464646464646464646464646464646464646464646464646464646464646464646464646464646464646464646464646464646464646464646464646464646464646464646464646464646464646464646464646464646464646464646464646464646464646464646464646464646464646464646464646464646464646464646464646464646464646464646464646464646464646464646464646464646464646464646464646464646464646464646464646464646464646464646464646464646464646464646464646464646464646464646464646464646464646464646464646464646464646464646464646464646464646464646464646464646464646464646464646464646464646464646464646464646464646464646464646464646464646464646464646464646464646464646464646464646464646464646464646464646464646464646464646464646464646464646464646464646464646464646464646464646464646464646464646464646464646464646464646464646464646464646464646464646464646464646464646464646464646464646464646464646464646464646464646464646464646464646464646464646464646464646464646464646464646464646464646464646464646464646464646464646464646464646464646464646464646464646464646464646464646464646464646464646464646464646464646464646464646464646464646464646464646464646464646464646464646464646464646464646464646464646464646464646464646464646464646464646464646464646464646464646464646464646464646464646464646464646464, '12222222222', '男', 'fdsfds', 'fdsfsd@qq.com', 'pic_head_1432745606978.jpg', 'pic_identify_1432745607008.jpg', 'gfdg', 'fdsg', '333333333');
INSERT INTO `seller_validate_info` VALUES ('13', '28', 'fdsa', '122222222221222222', 'fdsf', '3', 'fdsa', 'fdsafds@qq.com', 0x646464646464646464646464646464646464646464646464646464646464646464646464646464646464646464646464646464646464646464646464646464646464646464646464646464646464646464646464646464646464646464646464646464646464646464646464646464646464646464646464646464646464646464646464646464646464646464646464646464646464646464646464646464646464646464646464646464646464646464646464646464646464646464646464646464646464646464646464646464646464646464646464646464646464646464646464646464646464646464646464646464646464646464646464646464646464646464646464646464646464646464646464646464646464646464646464646464646464646464646464646464646464646464646464646464646464646464646464646464646464646464646464646464646464646464646464646464646464646464646464646464646464646464646464646464646464646464646464646464646464646464646464646464646464646464646464646464646464646464646464646464646464646464646464646464646464646464646464646464646464646464646464646464646464646464646464646464646464646464646464646464646464646464646464646464646464646464646464646464646464646464646464646464646464646464646464646464646464646464646464646464646464646464646464646464646464646464646464646464646464646464646464646464646464646464646464646464646464646464646464646464646464646464646464646464646464646464646464646464646464646464646464646464646464646464646464, '12222222222', '男', '12222', 'fsdafsd@qq.com', 'pic_head_1432746597390.jpg', 'pic_identify_1432746597420.jpg', 'fdsa', 'fds', '333333333');
INSERT INTO `seller_validate_info` VALUES ('14', '29', 'cxzczxc', '122222222221222222', 'fdsa', '3', 'fdsa', 'fdsa@qq.com', 0x646464646464646464646464646464646464646464646464646464646464646464646464646464646464646464646464646464646464646464646464646464646464646464646464646464646464646464646464646464646464646464646464646464646464646464646464646464646464646464646464646464646464646464646464646464646464646464646464646464646464646464646464646464646464646464646464646464646464646464646464646464646464646464646464646464646464646464646464646464646464646464646464646464646464646464646464646464646464646464646464646464646464646464646464646464646464646464646464646464646464646464646464646464646464646464646464646464646464646464646464646464646464646464646464646464646464646464646464646464646464646464646464646464646464646464646464646464646464646464646464646464646464646464646464646464646464646464646464646464646464646464646464646464646464646464646464646464646464646464646464646464646464646464646464646464646464646464646464646464646464646464646464646464646464646464646464646464646464646464646464646464646464646464646464646464646464646464646464646464646464646464646464646464646464646464646464646464646464646464646464646464646464646464646464646464646464646464646464646464646464646464646464646464646464646464646464646464646464646464646464646464646464646464646464646464646464646464646464646464646464646464646464646464646464646464646464, '12222222222', '男', 'fdsf', 'vcxzcx@qe.com', 'pic_head_1432746775801.jpg', 'pic_identify_1432746775831.jpg', 'fdsfsd', 'fds', '333333333');
