/*
Navicat MySQL Data Transfer

Source Server         : 服务器
Source Server Version : 50527
Source Host           : 115.28.162.47:3306
Source Database       : lovebeauty

Target Server Type    : MYSQL
Target Server Version : 50527
File Encoding         : 65001

Date: 2015-06-05 01:41:18
*/

SET FOREIGN_KEY_CHECKS=0;

-- ----------------------------
-- Table structure for `advertisement`
-- ----------------------------
DROP TABLE IF EXISTS `advertisement`;
CREATE TABLE `advertisement` (
  `id` int(11) NOT NULL AUTO_INCREMENT COMMENT '主键',
  `type` varchar(4) COLLATE utf8_bin NOT NULL DEFAULT '' COMMENT '广告类型 外部链接 内部链接',
  `picName` varchar(100) COLLATE utf8_bin NOT NULL COMMENT '广告图片',
  `url` varchar(200) COLLATE utf8_bin NOT NULL COMMENT '广告链接',
  `backup` mediumtext COLLATE utf8_bin COMMENT '广告备注',
  `state` varchar(3) COLLATE utf8_bin DEFAULT '启用' COMMENT '广告状态 停用 使用中',
  PRIMARY KEY (`id`)
) ENGINE=InnoDB AUTO_INCREMENT=9 DEFAULT CHARSET=utf8 COLLATE=utf8_bin;

-- ----------------------------
-- Records of advertisement
-- ----------------------------
INSERT INTO `advertisement` VALUES ('7', '内部链接', 'pic_ad_1433438281796.jpg', 'https://www.baidu.com/', 0x64736166, '启用');
INSERT INTO `advertisement` VALUES ('8', '内部链接', 'pic_ad_1433438287554.jpg', 'https://www.baidu.com/', '', '启用');

-- ----------------------------
-- Table structure for `book_info`
-- ----------------------------
DROP TABLE IF EXISTS `book_info`;
CREATE TABLE `book_info` (
  `id` int(11) NOT NULL AUTO_INCREMENT COMMENT '主键',
  `userid` int(11) NOT NULL COMMENT '预约人id',
  `description` mediumtext COLLATE utf8_bin COMMENT '预约简介',
  `picname` varchar(100) COLLATE utf8_bin DEFAULT NULL COMMENT '效果图',
  `booktime` timestamp NULL DEFAULT NULL COMMENT '预约时间',
  PRIMARY KEY (`id`),
  KEY `fk_bi_userid` (`userid`),
  CONSTRAINT `fk_bi_userid` FOREIGN KEY (`userid`) REFERENCES `customer` (`id`) ON DELETE CASCADE
) ENGINE=InnoDB DEFAULT CHARSET=utf8 COLLATE=utf8_bin;

-- ----------------------------
-- Records of book_info
-- ----------------------------

-- ----------------------------
-- Table structure for `book_time`
-- ----------------------------
DROP TABLE IF EXISTS `book_time`;
CREATE TABLE `book_time` (
  `id` int(11) NOT NULL AUTO_INCREMENT COMMENT '主键',
  `empId` int(11) DEFAULT NULL COMMENT '手艺人Id',
  `today` varchar(12) COLLATE utf8_bin DEFAULT '000000000000',
  `tomorrow` varchar(12) COLLATE utf8_bin DEFAULT '000000000000',
  `afterTomorrow` varchar(12) COLLATE utf8_bin DEFAULT '000000000000',
  `bigDayAfterTomorrow` varchar(12) COLLATE utf8_bin DEFAULT '000000000000',
  PRIMARY KEY (`id`),
  KEY `fk_bt_empId` (`empId`),
  CONSTRAINT `fk_bt_empId` FOREIGN KEY (`empId`) REFERENCES `employee` (`id`) ON DELETE CASCADE
) ENGINE=InnoDB AUTO_INCREMENT=4 DEFAULT CHARSET=utf8 COLLATE=utf8_bin;

-- ----------------------------
-- Records of book_time
-- ----------------------------
INSERT INTO `book_time` VALUES ('1', '536', '000000000000', '000000000000', '000000000000', '000000000000');
INSERT INTO `book_time` VALUES ('2', '537', '000000000000', '000000000000', '000000000000', '000000000000');
INSERT INTO `book_time` VALUES ('3', '538', '000000000000', '000000000000', '000000000000', '000000000000');

-- ----------------------------
-- Table structure for `city`
-- ----------------------------
DROP TABLE IF EXISTS `city`;
CREATE TABLE `city` (
  `id` int(11) NOT NULL AUTO_INCREMENT COMMENT '主键',
  `name` varchar(50) COLLATE utf8_bin NOT NULL COMMENT '名字',
  `opentime` varchar(20) COLLATE utf8_bin DEFAULT 'CURRENT_TIMESTAMP' COMMENT '开通日期',
  `stoptime` varchar(20) COLLATE utf8_bin DEFAULT NULL COMMENT '停用时间',
  `state` varchar(2) COLLATE utf8_bin DEFAULT '开通' COMMENT '城市状态 停用 开通',
  `serviceScope` mediumtext COLLATE utf8_bin COMMENT '服务范围',
  PRIMARY KEY (`id`),
  UNIQUE KEY `uk_city_name` (`name`) USING BTREE
) ENGINE=InnoDB AUTO_INCREMENT=54 DEFAULT CHARSET=utf8 COLLATE=utf8_bin;

-- ----------------------------
-- Records of city
-- ----------------------------
INSERT INTO `city` VALUES ('1', '北京市', '2015-05-30 22:56:44', '', '开通', 0x646464646464646464646464646464646464646464646464646464646464646464646464646464646464646464646464646464646464646464);
INSERT INTO `city` VALUES ('2', '天津市', '', '2015-05-30 22:56:40', '停用', null);
INSERT INTO `city` VALUES ('3', '重庆市', '2015-05-24 16:41:20', '', '开通', null);
INSERT INTO `city` VALUES ('26', '青岛市', '2015-05-24 16:41:19', '', '开通', null);
INSERT INTO `city` VALUES ('53', '上海市', '2015-06-02 01:03:04', null, '开通', 0x66647361666473);

-- ----------------------------
-- Table structure for `comment`
-- ----------------------------
DROP TABLE IF EXISTS `comment`;
CREATE TABLE `comment` (
  `id` int(11) NOT NULL AUTO_INCREMENT,
  `demoid` int(11) NOT NULL,
  `score` int(11) NOT NULL,
  `comment` mediumtext COLLATE utf8_bin,
  `customerid` int(11) NOT NULL,
  PRIMARY KEY (`id`),
  KEY `fk_com_demoid` (`demoid`),
  KEY `fk_com_customid` (`customerid`),
  CONSTRAINT `fk_com_customid` FOREIGN KEY (`customerid`) REFERENCES `customer` (`id`) ON DELETE CASCADE,
  CONSTRAINT `fk_com_demoid` FOREIGN KEY (`demoid`) REFERENCES `demo` (`id`) ON DELETE CASCADE
) ENGINE=InnoDB AUTO_INCREMENT=2 DEFAULT CHARSET=utf8 COLLATE=utf8_bin;

-- ----------------------------
-- Records of comment
-- ----------------------------
INSERT INTO `comment` VALUES ('1', '39', '5', 0x6464646464646464646464646464646464646464646464646464646464646464646464646464646464646464646464646464646464646464646464646464646464646464646464646464646464646464646464646464646464646464646464646464646464646464646464646464646464646464646464646464646464646464646464646464646464646464646464646464646464646464646464646464, '26');

-- ----------------------------
-- Table structure for `common_address`
-- ----------------------------
DROP TABLE IF EXISTS `common_address`;
CREATE TABLE `common_address` (
  `id` int(11) NOT NULL AUTO_INCREMENT,
  `userid` int(11) NOT NULL COMMENT '用户id',
  `address` varchar(100) COLLATE utf8_bin DEFAULT NULL COMMENT '常用地址',
  PRIMARY KEY (`id`),
  KEY `fk_ca_userid` (`userid`),
  CONSTRAINT `fk_ca_userid` FOREIGN KEY (`userid`) REFERENCES `customer` (`id`) ON DELETE CASCADE
) ENGINE=InnoDB AUTO_INCREMENT=7 DEFAULT CHARSET=utf8 COLLATE=utf8_bin;

-- ----------------------------
-- Records of common_address
-- ----------------------------
INSERT INTO `common_address` VALUES ('3', '26', 'fjdksljfkldsjflkds');
INSERT INTO `common_address` VALUES ('4', '26', 'fjdksljfkldsjflkds');
INSERT INTO `common_address` VALUES ('6', '26', 'fjdksljfkldsjflkds');

-- ----------------------------
-- Table structure for `customer`
-- ----------------------------
DROP TABLE IF EXISTS `customer`;
CREATE TABLE `customer` (
  `id` int(11) NOT NULL AUTO_INCREMENT COMMENT '主键',
  `account` varchar(11) COLLATE utf8_bin NOT NULL COMMENT '（手机号）账户（需校验11位）',
  `password` varchar(30) COLLATE utf8_bin NOT NULL COMMENT '密码',
  `regip` varchar(15) COLLATE utf8_bin DEFAULT NULL COMMENT '注册ip',
  `loginip` varchar(15) COLLATE utf8_bin DEFAULT NULL COMMENT '登录ip',
  `forbidden` varchar(2) COLLATE utf8_bin NOT NULL DEFAULT '否' COMMENT '是否被禁用 没被禁用 禁用',
  `city` varchar(50) COLLATE utf8_bin DEFAULT NULL COMMENT '所在城市',
  `jubao` int(11) DEFAULT '0' COMMENT '记录举报次数',
  `regtime` varchar(20) COLLATE utf8_bin DEFAULT '' COMMENT '注册时间',
  `logintime` varchar(20) COLLATE utf8_bin DEFAULT '' COMMENT '最后登录时间',
  `nickName` varchar(50) COLLATE utf8_bin DEFAULT '' COMMENT '用户昵称',
  PRIMARY KEY (`id`),
  UNIQUE KEY `uk_c_account` (`account`) USING BTREE
) ENGINE=InnoDB AUTO_INCREMENT=29 DEFAULT CHARSET=utf8 COLLATE=utf8_bin;

-- ----------------------------
-- Records of customer
-- ----------------------------
INSERT INTO `customer` VALUES ('26', '13333333333', 'adminroot', '106.39.2.226', null, '否', null, '3', '2015-05-15 12:59:54', null, '');
INSERT INTO `customer` VALUES ('27', '13511111111', 'adminroot', '123.117.43.79', '182.18.100.86', '否', null, '0', '2015-06-04 12:42:32', '2015-06-05 00:01:29', '');
INSERT INTO `customer` VALUES ('28', '13336746733', 'adminroot', '58.56.176.46', null, '否', null, '0', '2015-06-04 18:51:24', '', '');

-- ----------------------------
-- Table structure for `demo`
-- ----------------------------
DROP TABLE IF EXISTS `demo`;
CREATE TABLE `demo` (
  `id` int(11) NOT NULL AUTO_INCREMENT COMMENT '主键',
  `sellerid` int(11) NOT NULL COMMENT '所属卖家id',
  `name` varchar(100) COLLATE utf8_bin NOT NULL COMMENT '作品名称',
  `description` mediumtext COLLATE utf8_bin NOT NULL COMMENT '作品描述',
  `picname` varchar(100) COLLATE utf8_bin NOT NULL COMMENT '作品图片',
  `price` decimal(11,2) NOT NULL COMMENT '作品价格',
  `PreferentialPrice` decimal(11,2) DEFAULT NULL COMMENT '首次优惠价格',
  `booktime` varchar(100) COLLATE utf8_bin DEFAULT NULL COMMENT '可预约时间',
  `fileEName` varchar(50) COLLATE utf8_bin DEFAULT 'demo_default.jpg',
  `demoType` varchar(10) COLLATE utf8_bin NOT NULL COMMENT '作品类型 美甲 美睫 美容 化妆造型 美足',
  `employeeId` int(11) DEFAULT NULL COMMENT '员工Id',
  `shopPrice` decimal(11,2) DEFAULT '0.00' COMMENT '店面价格',
  `timeConsuming` int(5) DEFAULT '0' COMMENT '耗时  分钟',
  `keepTime` int(5) DEFAULT '0' COMMENT '保持 天',
  PRIMARY KEY (`id`),
  KEY `fk_d_sellerid` (`sellerid`),
  KEY `fk_d_empId` (`employeeId`),
  CONSTRAINT `fk_d_empId` FOREIGN KEY (`employeeId`) REFERENCES `employee` (`id`) ON DELETE CASCADE,
  CONSTRAINT `fk_d_sellerid` FOREIGN KEY (`sellerid`) REFERENCES `seller` (`id`) ON DELETE CASCADE
) ENGINE=InnoDB AUTO_INCREMENT=45 DEFAULT CHARSET=utf8 COLLATE=utf8_bin;

-- ----------------------------
-- Records of demo
-- ----------------------------
INSERT INTO `demo` VALUES ('39', '13', '2', 0x646464646464646464646464646464646464646464646464646464646464646464646464646464646464646464646464646464646464646464646464646464646464646464646464646464646464646464646464646464646464646464646464646464646464646464646464646464646464646464646464646464646464646464646464646464646464646464646464646464646464646464646464646464646464646464646464646464646464646464646464646464646464646464646464646464646464646464646464646464646464646464646464646464646464646464646464646464646464646464646464646464646464646464646464646464646464646464646464646464646464646464646464646464646464646464646464646464646464646464646464646464646464646464646464646464646464646464646464646464646464646464646464646464646464646464646464646464646464646464646464646464646464646464646464646464646464646464646464646464646464646464646464646464646464646464646464646464646464646464646464646464646464646464646464646464646464646464646464646464646464646464646464646464646464646464646464646464646464646464646464646464646464646464646464646464646464646464646464646464646464646464646464646464646464646464646464646464646464646464646464646464646464646464646464646464646464646464646464646464646464646464646464646464646464646464646464646464646464646464646464646464646464646464646464646464646464646464646464646464646464646464646464646464646464646464646464646464646464646464646464646464646464646464646464646464646464646464646464646464646464646464646464646464646464646464646464646464646464646464646464646464646464646464646464646464646464646464646464646464646464646464646464646464646464646464646464646464646464646464646464646464646464646464646464646464646464646464646464646464646464646464646464646464646464646464646464646464646464646464646464646464646464646464646464646464646464646464646464646464646464646464646464646464646464646464646464646464646464646464646464646464646464646464646464646464646464646464646464646464646464646464646464646464646464646464646464646464646464646464646464646464646464646464646464646464646464646464646464646464646464646464646464646464646464646464646464646464646464646464646464646464646464646464646464646464646464646464646464, 'demo_default.jpg', '2222.00', '22.00', '22', 'pic_13_1433172593776.jpg', '美甲', '536', '33.00', '0', '0');
INSERT INTO `demo` VALUES ('43', '13', '6666', 0x646464646464646464646464646464646464646464646464646464646464646464646464646464646464646464646464646464646464646464646464646464646464646464646464646464646464646464646464646464646464646464646464646464646464646464646464646464646464646464646464646464646464646464646464646464646464646464646464646464646464646464646464646464646464646464646464646464646464646464646464646464646464646464646464646464646464646464646464646464646464646464646464646464646464646464646464646464646464646464646464646464646464646464646464646464646464646464646464646464646464646464646464646464646464646464646464646464646464646464646464646464646464646464646464646464646464646464646464646464646464646464646464646464646464646464646464646464646464646464646464646464646464646464646464646464646464646464646464646464646464646464646464646464646464646464646464646464646464646464646464646464646464646464646464646464646464646464646464646464646464646464646464646464646464646464646464646464646464646464646464646464646464646464646464646464646464646464646464646464646464646464646464646464646464646464646464646464646464646464646464646464646464646464646464646464646464646464646464646464646464646464646464646464646464646464646464646464646464646464646464646464646464646464646464646464646464646464646464646464646464646464646464646464646464646464646464646464646464646464646464646464646464646464646464646464646464646464646464646464646464646464646464646464646464646464646464646464646464646464646464646464646464646464646464646464646464646464646464646464646464646464646464646464646464646464646464646464646464646464646464646464646464646464646464646464646464646464646464646464646464646464646464646464646464646464646464646464646464646464646464646464646464646464646464646464646464646464646464646464646464646464646464646464646464646464646464646464646464646464646464646464646464646464646464646464646464646464646464646464646464646464646464646464646464646464646464646464646464646464646464646464646464646464646464646464646464646464646464646464646464646464646464646464646464646464646464646464646464646464646464646464646464646464646464646464646464646464646464, '30-618723.jpg', '666.00', '666.00', '66', 'pic_13_1433064420802.jpg', '美容', '537', null, '0', '0');
INSERT INTO `demo` VALUES ('44', '13', 'fffffffffffffff', 0x64736464, '30-618723.jpg', '333.00', '3.00', '33333', 'pic_13_1433258974968.jpg', '美甲', '536', '33.00', '33', '3');

-- ----------------------------
-- Table structure for `employee`
-- ----------------------------
DROP TABLE IF EXISTS `employee`;
CREATE TABLE `employee` (
  `id` int(11) NOT NULL AUTO_INCREMENT COMMENT '主键',
  `nickName` varchar(50) COLLATE utf8_bin NOT NULL DEFAULT '' COMMENT '昵称',
  `sex` varchar(2) COLLATE utf8_bin DEFAULT '',
  `majorScore` decimal(5,1) DEFAULT '0.0' COMMENT '专业得分',
  `comScore` decimal(5,1) DEFAULT '0.0' COMMENT '沟通得分',
  `punctualScore` decimal(5,1) DEFAULT '0.0' COMMENT '守时得分',
  `avgPrice` decimal(10,2) DEFAULT '0.00' COMMENT '均价',
  `serverScope` mediumtext COLLATE utf8_bin COMMENT '服务范围',
  `headImg` varchar(100) COLLATE utf8_bin DEFAULT '' COMMENT '头像',
  `state` varchar(5) COLLATE utf8_bin DEFAULT '在职' COMMENT '在职状态 离职 在职',
  `sellerId` int(11) DEFAULT NULL COMMENT '卖家id',
  `commentScore` int(11) DEFAULT '0' COMMENT '评价得分',
  PRIMARY KEY (`id`),
  KEY `fk_emp_sellerId` (`sellerId`),
  CONSTRAINT `fk_emp_sellerId` FOREIGN KEY (`sellerId`) REFERENCES `seller` (`id`) ON DELETE CASCADE
) ENGINE=InnoDB AUTO_INCREMENT=539 DEFAULT CHARSET=utf8 COLLATE=utf8_bin;

-- ----------------------------
-- Records of employee
-- ----------------------------
INSERT INTO `employee` VALUES ('536', 'ddd', '男', '3.0', '3.0', '3.0', '2.00', 0x666666666666666666666666666666666666666666666666666666666666666666666666666666666666666666666666666666666666666666666666666666666666666666666666666666666666666666666666666666666666666666666666666666666666666666666666666666666666666666666666666666666666666666666666666666666666666666666666666666666666666666666666666666666666666666666666666666666666666666666666666666666666666666666666666666666666666666666666666666666666666666666666666666666666666666666666666666666666666666666666666666666666666666666666666666666666666666666666666666666666666666666666666666666666666666666666666666666666666666666666666666666666666666666666666666666666666666666666666666666666666666666666666666666666666666666666666666666666666666666666666666666666666666666666666666666666666666666666666666666666666666666666666666666666666666666666666666666666666666666666666666666666666666666666666666666666666666666666666666666666666666666666666666666666666666666666666666666666666666666666666666666666666666666666666666, 'pic_13_empHeadImg_1432994633480.jpg', '在职', '13', '56');
INSERT INTO `employee` VALUES ('537', '333', '男', '3.0', '3.0', '3.0', '4.00', 0x666666666666666666666666666666666666666666666666666666666666666666666666666666666666666666666666666666666666666666666666666666666666666666666666666666666666666666666666666666666666666666666666666666666666666666666666666666666666666666666666666666666666666666666666666666666666666666666666666666666666666666666666666666666666666666666666666666666666666666666666666666666666666666666666666666666666666666666666666666666666666666666666666666666666666666666666666666666666666666666666666666666666666666666666666666666666666666666666666666666666666666666666666666666666666666666666666666666666666666666666666666666666666666666666666666666666666666666666666666666666666666666666666666666666666666666666666666666666666666666666666666666666666666666666666666666666666666666666666666666666666666666666666666666666666666666666666666666666666666666666666666666666666666666666666666666666666666666666666666666666666666666666666666666666666666666666666666666666666666666666666666666666666666666666666666, 'pic_13_empHeadImg_1433006907357.jpg', '在职', '13', '22');
INSERT INTO `employee` VALUES ('538', 'rrrrrrrrrrrrr', '女', '4.0', '4.0', '4.0', '4.00', null, 'pic_13_empHeadImg_1433006907357.jpg', '在职', '13', '56');

-- ----------------------------
-- Table structure for `emp_comment`
-- ----------------------------
DROP TABLE IF EXISTS `emp_comment`;
CREATE TABLE `emp_comment` (
  `id` int(11) NOT NULL AUTO_INCREMENT,
  `empId` int(11) NOT NULL,
  `customerId` int(11) NOT NULL,
  `comment` mediumtext COLLATE utf8_bin,
  `level` int(2) DEFAULT '1' COMMENT '评价等级 1好评1分 2中评0分 3差评-1分',
  `comTime` varchar(20) COLLATE utf8_bin DEFAULT '' COMMENT '评价时间',
  PRIMARY KEY (`id`),
  KEY `fk_emp_empId` (`empId`),
  KEY `fk_emp_customerId` (`customerId`),
  CONSTRAINT `fk_emp_customerId` FOREIGN KEY (`customerId`) REFERENCES `customer` (`id`) ON DELETE CASCADE,
  CONSTRAINT `fk_emp_empId` FOREIGN KEY (`empId`) REFERENCES `employee` (`id`) ON DELETE CASCADE
) ENGINE=InnoDB AUTO_INCREMENT=8 DEFAULT CHARSET=utf8 COLLATE=utf8_bin;

-- ----------------------------
-- Records of emp_comment
-- ----------------------------
INSERT INTO `emp_comment` VALUES ('1', '536', '26', 0x64646464646464646464646464646464646464646464646464646464646464646464646464646464646464646464646464646464646464646464646464646464646464646464646464646464646464646464646464646464646464646464646464646464646464646464646464646464646464646464646464646464646464646464646464646464646464646464646464646464646464646464646464646464646464646464646464646464646464646464646464646464646464646464646464646464646464646464646464646464646464646464646464646464646464646464646464646464646464646464646464646464646464646464646464646464646464646464646464646464646464646464646464646464646464646464646464646464646464646464646464646464646464646464646464646464646464646464646464646464646464646464646464646464646464646464646464646464646464646464646464646464646464646464646464646464646464646464646464646464646464646464646464646464646464646464646464646464646464646464646464646464646464646464646464646464646464646464646464646464646464646464646464646464646464646464646464646464646464646464646464646464646464646464646464646464646464646464646464646464646464646464646464646464646464646464646464646464, '1', '2015-09-09 15:20');
INSERT INTO `emp_comment` VALUES ('2', '537', '26', 0x64646464646464646464646464646464646464646464646464646464646464646464646464646464646464646464646464646464646464646464646464646464646464646464646464646464646464646464646464646464646464646464646464646464646464646464646464646464646464646464646464646464646464646464646464646464646464646464646464646464646464646464646464646464646464646464646464646464646464646464646464646464646464646464646464646464646464646464646464646464646464646464646464646464646464646464646464646464646464646464646464646464646464646464646464646464646464646464646464646464646464646464646464646464646464646464646464646464646464646464646464646464646464646464646464646464646464646464646464646464646464646464646464646464646464646464646464646464646464646464646464646464646464646464646464646464646464646464646464646464646464646464646464646464646464646464646464646464646464646464646464646464646464646464646464646464646464646464646464646464646464646464646464646464646464646464646464646464646464646464646464646464646464646464646464646464646464646464646464646464646464646464646464646464646464646464646464646464, '1', '2015-09-09 15:20');
INSERT INTO `emp_comment` VALUES ('3', '536', '26', null, '2', '2015-09-09 15:20');
INSERT INTO `emp_comment` VALUES ('4', '536', '26', null, '3', '2015-09-09 15:20');
INSERT INTO `emp_comment` VALUES ('5', '536', '26', null, '1', '2015-09-09 15:20');
INSERT INTO `emp_comment` VALUES ('6', '536', '26', 0x64646464646464646464646464646464646464646464646464, '1', '2015-06-04 00:38:06');
INSERT INTO `emp_comment` VALUES ('7', '536', '26', 0x64646464646464646464646464646464646464646464646464, '1', '2015-06-04 08:31:15');

-- ----------------------------
-- Table structure for `favorite`
-- ----------------------------
DROP TABLE IF EXISTS `favorite`;
CREATE TABLE `favorite` (
  `id` int(11) NOT NULL AUTO_INCREMENT,
  `type` int(1) NOT NULL COMMENT '收藏类型 0作品 1手艺人',
  `userId` int(11) DEFAULT NULL COMMENT '用户ID',
  `entityId` int(11) DEFAULT NULL COMMENT '作品 或 手艺人 id',
  PRIMARY KEY (`id`),
  KEY `fk_fa_userId` (`userId`),
  CONSTRAINT `fk_fa_userId` FOREIGN KEY (`userId`) REFERENCES `customer` (`id`) ON DELETE CASCADE
) ENGINE=InnoDB AUTO_INCREMENT=27 DEFAULT CHARSET=utf8 COLLATE=utf8_bin;

-- ----------------------------
-- Records of favorite
-- ----------------------------
INSERT INTO `favorite` VALUES ('1', '0', '26', '39');
INSERT INTO `favorite` VALUES ('2', '1', '26', '536');
INSERT INTO `favorite` VALUES ('4', '0', '26', '43');
INSERT INTO `favorite` VALUES ('8', '1', '26', '537');
INSERT INTO `favorite` VALUES ('11', '0', '26', '39');
INSERT INTO `favorite` VALUES ('22', '0', '27', '39');
INSERT INTO `favorite` VALUES ('26', '0', '27', '44');

-- ----------------------------
-- Table structure for `manager`
-- ----------------------------
DROP TABLE IF EXISTS `manager`;
CREATE TABLE `manager` (
  `id` int(11) NOT NULL AUTO_INCREMENT,
  `account` varchar(50) COLLATE utf8_bin NOT NULL,
  `password` varchar(30) COLLATE utf8_bin NOT NULL,
  PRIMARY KEY (`id`),
  UNIQUE KEY `uk_m_account` (`account`) USING BTREE
) ENGINE=InnoDB AUTO_INCREMENT=3 DEFAULT CHARSET=utf8 COLLATE=utf8_bin;

-- ----------------------------
-- Records of manager
-- ----------------------------
INSERT INTO `manager` VALUES ('1', 'nanmeiying', 'nanmeiying');
INSERT INTO `manager` VALUES ('2', 'admin', 'admin');

-- ----------------------------
-- Table structure for `manicure_division`
-- ----------------------------
DROP TABLE IF EXISTS `manicure_division`;
CREATE TABLE `manicure_division` (
  `id` int(11) NOT NULL AUTO_INCREMENT COMMENT '主键',
  `name` varchar(50) COLLATE utf8_bin NOT NULL COMMENT '用户名',
  `sex` varchar(10) COLLATE utf8_bin DEFAULT NULL COMMENT '性别',
  `age` int(11) DEFAULT NULL COMMENT '年龄',
  `star` int(11) DEFAULT NULL COMMENT '星级',
  `headimg` varchar(100) COLLATE utf8_bin DEFAULT NULL COMMENT '头像',
  `serverScope` mediumtext COLLATE utf8_bin COMMENT '服务商圈',
  PRIMARY KEY (`id`)
) ENGINE=InnoDB DEFAULT CHARSET=utf8 COLLATE=utf8_bin;

-- ----------------------------
-- Records of manicure_division
-- ----------------------------

-- ----------------------------
-- Table structure for `order`
-- ----------------------------
DROP TABLE IF EXISTS `order`;
CREATE TABLE `order` (
  `id` varchar(100) COLLATE utf8_bin NOT NULL COMMENT '订单id',
  `userid` int(11) NOT NULL COMMENT '买家（用户）id',
  `sellerid` int(11) NOT NULL COMMENT '卖家id',
  `state` varchar(10) COLLATE utf8_bin NOT NULL COMMENT '订单状态 未付款 交易成功 取消订单',
  `demoid` int(11) NOT NULL COMMENT '作品id',
  `ordertime` varchar(20) COLLATE utf8_bin NOT NULL DEFAULT '' COMMENT '预约时间',
  `paytime` varchar(20) COLLATE utf8_bin NOT NULL DEFAULT '' COMMENT '付款时间',
  `hasComment` int(2) DEFAULT '0' COMMENT '是否评论 0否 1 未评论',
  PRIMARY KEY (`id`),
  KEY `fk_o_sellerid` (`sellerid`),
  KEY `fk_o_userid` (`userid`),
  KEY `fk_o_demoid` (`demoid`),
  CONSTRAINT `fk_o_demoid` FOREIGN KEY (`demoid`) REFERENCES `demo` (`id`) ON DELETE CASCADE,
  CONSTRAINT `fk_o_sellerid` FOREIGN KEY (`sellerid`) REFERENCES `seller` (`id`),
  CONSTRAINT `fk_o_userid` FOREIGN KEY (`userid`) REFERENCES `customer` (`id`) ON DELETE CASCADE
) ENGINE=InnoDB DEFAULT CHARSET=utf8 COLLATE=utf8_bin;

-- ----------------------------
-- Records of order
-- ----------------------------
INSERT INTO `order` VALUES ('000', '26', '13', '交易成功', '39', '2015-05-27 23:07:33', '2015-05-30 22:10:05', '0');
INSERT INTO `order` VALUES ('33333', '26', '13', '交易成功', '43', '2015-05-27 23:07:33', '', '0');
INSERT INTO `order` VALUES ('fdsfds', '26', '13', '交易成功', '39', '2015-05-27 23:06:30', '2015-05-27 23:34:32', '0');
INSERT INTO `order` VALUES ('rrrrr', '26', '13', '交易成功', '39', '2015-05-27 23:06:48', '2015-05-27 23:06:48', '0');
INSERT INTO `order` VALUES ('www', '26', '13', '取消订单', '39', '2015-05-27 23:07:33', '', '0');

-- ----------------------------
-- Table structure for `privateorder`
-- ----------------------------
DROP TABLE IF EXISTS `privateorder`;
CREATE TABLE `privateorder` (
  `id` int(11) NOT NULL AUTO_INCREMENT COMMENT '主键',
  `userid` int(11) NOT NULL COMMENT '客户id',
  `sellerid` int(11) DEFAULT NULL COMMENT '商家id',
  `filename` varchar(100) COLLATE utf8_bin DEFAULT '' COMMENT '模型图片',
  `state` int(1) NOT NULL COMMENT '私人订制状态 0未指定 1已指定 2已成功',
  `description` mediumtext COLLATE utf8_bin COMMENT '需求描述',
  `price` decimal(13,2) DEFAULT NULL COMMENT '心理价格',
  `successtime` varchar(20) COLLATE utf8_bin DEFAULT '' COMMENT '交易成功实时间',
  `ordertime` varchar(20) COLLATE utf8_bin DEFAULT '' COMMENT '下单时间',
  PRIMARY KEY (`id`),
  KEY `fk_pri_userid` (`userid`),
  KEY `fk_pri_sellerid` (`sellerid`),
  CONSTRAINT `fk_pri_sellerid` FOREIGN KEY (`sellerid`) REFERENCES `seller` (`id`) ON DELETE CASCADE,
  CONSTRAINT `fk_pri_userid` FOREIGN KEY (`userid`) REFERENCES `customer` (`id`) ON DELETE CASCADE
) ENGINE=InnoDB AUTO_INCREMENT=12 DEFAULT CHARSET=utf8 COLLATE=utf8_bin;

-- ----------------------------
-- Records of privateorder
-- ----------------------------
INSERT INTO `privateorder` VALUES ('1', '1', '13', '', '2', 0xE68891E8A681E79A84E69588E69E9CE4BDA0E5AE9EE78EB0E4B88DE4BA86, '12.00', '2015-05-26 12:25:19', '2015-05-26 12:25:19');
INSERT INTO `privateorder` VALUES ('2', '1', '13', 'hbvf', '2', null, '1.00', '2', '2');
INSERT INTO `privateorder` VALUES ('3', '1', '13', 'gfd', '2', null, '1.00', '2', '2');
INSERT INTO `privateorder` VALUES ('4', '1', '13', 'f', '2', null, '1.00', '2', '2');
INSERT INTO `privateorder` VALUES ('5', '1', '13', 'f', '2', null, '1.00', '2', '2');
INSERT INTO `privateorder` VALUES ('6', '1', '13', 'f', '2', null, '1.00', '2', '2');
INSERT INTO `privateorder` VALUES ('7', '1', '13', 'f', '2', null, '1.00', '2', '2');
INSERT INTO `privateorder` VALUES ('8', '1', '13', 'f', '1', null, '1.00', '22', '2');
INSERT INTO `privateorder` VALUES ('9', '1', '13', 'f', '1', null, '11.00', '2', '2');
INSERT INTO `privateorder` VALUES ('10', '1', '13', 'f', '2', null, '1.00', '2015-05-26 13:47:32', '2');
INSERT INTO `privateorder` VALUES ('11', '1', '13', 'tets.jpg', '1', null, '15.00', '', 'fds');

-- ----------------------------
-- Table structure for `report_info`
-- ----------------------------
DROP TABLE IF EXISTS `report_info`;
CREATE TABLE `report_info` (
  `id` int(11) NOT NULL AUTO_INCREMENT COMMENT '主键',
  `reportid` int(11) NOT NULL COMMENT '举报者id',
  `reportedid` int(11) NOT NULL COMMENT '被举报者id',
  `reporttype` bit(1) NOT NULL COMMENT '举报类型 0买家举报卖家  1卖家举报买家',
  `reason` mediumtext COLLATE utf8_bin NOT NULL COMMENT '举报理由',
  PRIMARY KEY (`id`)
) ENGINE=InnoDB AUTO_INCREMENT=6 DEFAULT CHARSET=utf8 COLLATE=utf8_bin;

-- ----------------------------
-- Records of report_info
-- ----------------------------
INSERT INTO `report_info` VALUES ('1', '13', '26', '', 0x66647361666473);
INSERT INTO `report_info` VALUES ('2', '13', '26', '', 0x666473666473);
INSERT INTO `report_info` VALUES ('3', '13', '26', '', 0x666473666473);
INSERT INTO `report_info` VALUES ('4', '13', '26', '', 0x66736461666473);
INSERT INTO `report_info` VALUES ('5', '13', '26', '', 0x6666647361666473);

-- ----------------------------
-- Table structure for `seller`
-- ----------------------------
DROP TABLE IF EXISTS `seller`;
CREATE TABLE `seller` (
  `id` int(11) NOT NULL AUTO_INCREMENT COMMENT '主键',
  `regip` varchar(15) COLLATE utf8_bin DEFAULT '' COMMENT '注册ip',
  `loginip` varchar(15) COLLATE utf8_bin DEFAULT '' COMMENT '登录ip',
  `regtime` varchar(20) COLLATE utf8_bin DEFAULT '',
  `logintime` varchar(20) COLLATE utf8_bin DEFAULT '',
  `account` varchar(20) COLLATE utf8_bin NOT NULL DEFAULT '' COMMENT '账号',
  `password` varchar(30) COLLATE utf8_bin NOT NULL DEFAULT '' COMMENT '密码',
  `checked` varchar(2) COLLATE utf8_bin NOT NULL DEFAULT '否' COMMENT '是否通过审核  否 是',
  `jubao` int(11) NOT NULL DEFAULT '0' COMMENT '记录举报次数',
  `checkedtime` varchar(20) COLLATE utf8_bin DEFAULT '' COMMENT '审核时间',
  `authed` varchar(2) COLLATE utf8_bin NOT NULL DEFAULT '否' COMMENT '是否认证 否 是',
  `auth_time` varchar(20) COLLATE utf8_bin DEFAULT '' COMMENT '认证时间',
  `forbidden` varchar(2) COLLATE utf8_bin DEFAULT '否' COMMENT '禁用 否 是',
  PRIMARY KEY (`id`),
  UNIQUE KEY `uk_s_account` (`account`) USING BTREE
) ENGINE=InnoDB AUTO_INCREMENT=30 DEFAULT CHARSET=utf8 COLLATE=utf8_bin;

-- ----------------------------
-- Records of seller
-- ----------------------------
INSERT INTO `seller` VALUES ('13', '127.0.0.1', '127.0.0.1', '2015-05-13 13:32:27', '2015-06-05 01:28:42', 'aaaaaa', 'aaaaaa', '是', '0', null, '是', null, '是');
INSERT INTO `seller` VALUES ('14', '127.0.0.1', '106.39.2.226', '2015-05-13 00:33:49', '2015-05-15 08:25:08', 'nanmeiying2', 'nanmeiying2', '是', '0', null, '否', null, '否');
INSERT INTO `seller` VALUES ('15', '58.56.176.46', '58.56.176.46', '2015-05-13 15:18:48', '2015-05-13 15:18:57', 'wuzq', '123456', '是', '0', '2015-05-28 00:57:05', '否', null, '否');
INSERT INTO `seller` VALUES ('16', '45.33.55.240', '45.33.55.240', '2015-05-14 22:14:44', '2015-05-14 22:14:50', 'nanmeiying88', 'nSGD6MkIyUenVRDVMf5FQ', '否', '0', null, '否', null, '否');
INSERT INTO `seller` VALUES ('17', '114.248.204.47', '114.248.204.47', '2015-05-14 22:52:40', '2015-05-14 22:52:47', '1234', '123456', '是', '0', '2015-05-28 00:57:09', '否', null, '否');
INSERT INTO `seller` VALUES ('18', '106.39.2.226', '106.39.2.226', '2015-05-15 08:25:34', '2015-05-15 08:25:43', 'nanmeiying3', 'nanmeiying3', '否', '0', null, '否', null, '否');
INSERT INTO `seller` VALUES ('21', '58.56.176.14', '58.56.176.14', '2015-05-26 18:20:09', '2015-05-26 22:21:06', 'wuzhiqian', 'wuzhiqian', '否', '0', null, '否', null, '否');
INSERT INTO `seller` VALUES ('22', '127.0.0.1', '127.0.0.1', '2015-05-27 23:55:15', '2015-05-28 00:15:59', 'bbbbbb', 'bbbbbb', '是', '0', '2015-05-28 00:07:06', '是', '', '否');
INSERT INTO `seller` VALUES ('23', '127.0.0.1', '127.0.0.1', '2015-05-28 00:16:21', '2015-05-28 00:30:26', 'cccccc', 'cccccc', '是', '0', '2015-05-28 00:18:04', '是', '', '否');
INSERT INTO `seller` VALUES ('24', '127.0.0.1', '127.0.0.1', '2015-05-28 00:30:57', '2015-05-28 00:31:02', 'dddddd', 'dddddd', '是', '0', '2015-05-28 00:35:13', '是', '', '否');
INSERT INTO `seller` VALUES ('25', '127.0.0.1', '127.0.0.1', '2015-05-28 00:34:11', '2015-05-28 00:34:16', 'eeeeee', 'eeeeee', '否', '0', '', '是', '', '否');
INSERT INTO `seller` VALUES ('26', '127.0.0.1', '127.0.0.1', '2015-05-28 00:50:37', '2015-05-28 01:05:49', 'gggggg', 'gggggg', '是', '0', '2015-05-28 01:06:57', '是', '', '否');
INSERT INTO `seller` VALUES ('27', '127.0.0.1', '127.0.0.1', '2015-05-28 00:52:45', '2015-05-28 00:52:48', 'ssssss', 'ssssss', '否', '0', '', '是', '', '否');
INSERT INTO `seller` VALUES ('28', '127.0.0.1', '127.0.0.1', '2015-05-28 01:07:21', '2015-05-28 01:12:04', 'tttttt', 'tttttt', '否', '0', '', '是', '', '否');
INSERT INTO `seller` VALUES ('29', '127.0.0.1', '127.0.0.1', '2015-05-28 01:12:17', '2015-05-28 01:12:21', 'kkkkkk', 'kkkkkk', '否', '0', '', '是', '', '否');

-- ----------------------------
-- Table structure for `seller_validate_info`
-- ----------------------------
DROP TABLE IF EXISTS `seller_validate_info`;
CREATE TABLE `seller_validate_info` (
  `id` int(11) NOT NULL AUTO_INCREMENT COMMENT '主键',
  `sellerid` int(11) NOT NULL COMMENT '卖家id',
  `name` varchar(20) COLLATE utf8_bin NOT NULL COMMENT '用户名称',
  `identify` varchar(18) COLLATE utf8_bin NOT NULL COMMENT '身份证号',
  `shopname` varchar(50) COLLATE utf8_bin NOT NULL COMMENT '店名',
  `cityId` int(11) DEFAULT '1' COMMENT '所在城市',
  `address` varchar(100) COLLATE utf8_bin NOT NULL COMMENT '地址',
  `payaccount` varchar(100) COLLATE utf8_bin NOT NULL COMMENT '支付宝账户',
  `servicescope` mediumtext COLLATE utf8_bin NOT NULL COMMENT '服务范围',
  `telephone` varchar(11) COLLATE utf8_bin NOT NULL COMMENT '手机号',
  `sex` varchar(5) COLLATE utf8_bin DEFAULT '男',
  `birthday` varchar(20) COLLATE utf8_bin DEFAULT '',
  `email` varchar(50) COLLATE utf8_bin DEFAULT '',
  `head_img` varchar(100) COLLATE utf8_bin DEFAULT '',
  `identify_img` varchar(100) COLLATE utf8_bin DEFAULT '',
  `alipay_key` varchar(50) COLLATE utf8_bin DEFAULT '',
  `alipay_pid` varchar(50) COLLATE utf8_bin DEFAULT '',
  PRIMARY KEY (`id`),
  KEY `fk_sv_sellerid` (`sellerid`),
  KEY `fk_sv_cityId` (`cityId`),
  CONSTRAINT `fk_sv_cityId` FOREIGN KEY (`cityId`) REFERENCES `city` (`id`),
  CONSTRAINT `fk_sv_sellerid` FOREIGN KEY (`sellerid`) REFERENCES `seller` (`id`) ON DELETE CASCADE
) ENGINE=InnoDB AUTO_INCREMENT=15 DEFAULT CHARSET=utf8 COLLATE=utf8_bin;

-- ----------------------------
-- Records of seller_validate_info
-- ----------------------------
INSERT INTO `seller_validate_info` VALUES ('6', '13', '王小二', '111111111111111111', '小二', '1', '小二北京', '111111@qq.com', 0x646464646464646464646464646464646464646464646464646464646464646464646464646464646464646464646464646464646464646464646464646464646464646464646464646464646464646464646464646464646464646464646464646464646464646464646464646464646464646464646464646464646464646464646464646464646464646464646464646464646464646464646464646464646464646464646464646464646464646464646464646464646464646464646464646464646464646464646464646464646464646464646464646464646464646464646464646464646464646464646464646464646464646464646464646464646464646464646464646464646464646464646464646464646464646464646464646464646464646464646464646464646464646464646464646464646464646464646464646464646464646464646464646464646464646464646464646464646464646464646464646464646464646464646464646464646464646464646464646464646464646464646464646464646464646464646464646464646464646464646464646464646464646464646464646464646464646464646464646464646464646464646464646464646464646464646464646464646464646464646464646464646464646464646464646464646464646464646464646464646464646464646464646464646464646464646464646464646464646464646464646464646464646464646464646464646464646464646464646464646464646464646464646464646464646464646464646464646464646464646464646464646464646464646464646464646464646464646464646464646464646464646464646464646464646464646464, '12222222222', '男', '1989-09-09', 'fjdskfsd@qq.com', 'pic_head_1433011968559.jpg', 'pic_identify_1433011968589.jpg', '333333333', '3333333333333');
INSERT INTO `seller_validate_info` VALUES ('7', '22', '张三', '122222222222222222', '张三店铺', '1', '北京店铺', 'ssss@qq.com', 0x646464646464646464646464646464646464646464646464646464646464646464646464646464646464646464646464646464646464646464646464646464646464646464646464646464646464646464646464646464646464646464646464646464646464646464646464646464646464646464646464646464646464646464646464646464646464646464646464646464646464646464646464646464646464646464646464646464646464646464646464646464646464646464646464646464646464646464646464646464646464646464646464646464646464646464646464646464646464646464646464646464646464646464646464646464646464646464646464646464646464646464646464646464646464646464646464646464646464646464646464646464646464646464646464646464646464646464646464646464646464646464646464646464646464646464646464646464646464646464646464646464646464646464646464646464646464646464646464646464646464646464646464646464646464646464646464646464646464646464646464646464646464646464646464646464646464646464646464646464646464646464646464646464646464646464646464646464646464646464646464646464646464646464646464646464646464646464646464646464646464646464646464646464646464646464646464646464646464646464646464646464646464646464646464646464646464646464646464646464646464646464646464646464646464646464646464646464646464646464646464646464646464646464646464646464646464646464646464646464646464646464646464646464646464646464646464, '12345678903', '男', '1990-09-09', 'fdsfdsa@qq.com', 'pic_head_1432742740589.jpg', 'pic_identify_1432742740589.jpg', '3333333333333', 'uuuuuuuuuuu');
INSERT INTO `seller_validate_info` VALUES ('8', '23', 'zhaoliu', '122222222222222222', 'fjdlsk', '1', 'fjdsla', 'sss@qq.com', 0x646464646464646464646464646464646464646464646464646464646464646464646464646464646464646464646464646464646464646464646464646464646464646464646464646464646464646464646464646464646464646464646464646464646464646464646464646464646464646464646464646464646464646464646464646464646464646464646464646464646464646464646464646464646464646464646464646464646464646464646464646464646464646464646464646464646464646464646464646464646464646464646464646464646464646464646464646464646464646464646464646464646464646464646464646464646464646464646464646464646464646464646464646464646464646464646464646464646464646464646464646464646464646464646464646464646464646464646464646464646464646464646464646464646464646464646464646464646464646464646464646464646464646464646464646464646464646464646464646464646464646464646464646464646464646464646464646464646464646464646464646464646464646464646464646464646464646464646464646464646464646464646464646464646464646464646464646464646464646464646464646464646464646464646464646464646464646464646464646464646464646464646464646464646464646464646464646464646464646464646464646464646464646464646464646464646464646464646464646464646464646464646464646464646464646464646464646464646464646464646464646464646464646464646464646464646464646464646464646464646464646464646464646464646464646464646464, '12222222222', '男', '1990-09-09', 'fdsa@qq.com', 'pic_head_1432744234203.jpg', 'pic_identify_1432744234233.jpg', 'fjdslfjdlks', 'ffdsafds');
INSERT INTO `seller_validate_info` VALUES ('9', '24', 'fdsafds', '122222222222222222', 'fdsa', '1', 'fdsa', 'fdsa@qq.com', 0x646464646464646464646464646464646464646464646464646464646464646464646464646464646464646464646464646464646464646464646464646464646464646464646464646464646464646464646464646464646464646464646464646464646464646464646464646464646464646464646464646464646464646464646464646464646464646464646464646464646464646464646464646464646464646464646464646464646464646464646464646464646464646464646464646464646464646464646464646464646464646464646464646464646464646464646464646464646464646464646464646464646464646464646464646464646464646464646464646464646464646464646464646464646464646464646464646464646464646464646464646464646464646464646464646464646464646464646464646464646464646464646464646464646464646464646464646464646464646464646464646464646464646464646464646464646464646464646464646464646464646464646464646464646464646464646464646464646464646464646464646464646464646464646464646464646464646464646464646464646464646464646464646464646464646464646464646464646464646464646464646464646464646464646464646464646464646464646464646464646464646464646464646464646464646464646464646464646464646464646464646464646464646464646464646464646464646464646464646464646464646464646464646464646464646464646464646464646464646464646464646464646464646464646464646464646464646464646464646464646464646464646464646464646464646464646464, '12222222222', '男', '12222222222', '222@qq.com', 'pic_head_1432744305234.jpg', 'pic_identify_1432744305234.jpg', 'fdsa', 'fdsa');
INSERT INTO `seller_validate_info` VALUES ('10', '25', 'fdsa', '122222222222222222', 'fdsa', '1', 'fdsafdsa', 'fdsa@qq.com', 0x646464646464646464646464646464646464646464646464646464646464646464646464646464646464646464646464646464646464646464646464646464646464646464646464646464646464646464646464646464646464646464646464646464646464646464646464646464646464646464646464646464646464646464646464646464646464646464646464646464646464646464646464646464646464646464646464646464646464646464646464646464646464646464646464646464646464646464646464646464646464646464646464646464646464646464646464646464646464646464646464646464646464646464646464646464646464646464646464646464646464646464646464646464646464646464646464646464646464646464646464646464646464646464646464646464646464646464646464646464646464646464646464646464646464646464646464646464646464646464646464646464646464646464646464646464646464646464646464646464646464646464646464646464646464646464646464646464646464646464646464646464646464646464646464646464646464646464646464646464646464646464646464646464646464646464646464646464646464646464646464646464646464646464646464646464646464646464646464646464646464646464646464646464646464646464646464646464646464646464646464646464646464646464646464646464646464646464646464646464646464646464646464646464646464646464646464646464646464646464646464646464646464646464646464646464646464646464646464646464646464646464646464646464646464646464646464, '12222222222', '男', '33333', 'fdsfds@qq.com', 'pic_head_1432744495921.jpg', 'pic_identify_1432744495951.jpg', 'fdsa', 'fdsa');
INSERT INTO `seller_validate_info` VALUES ('11', '26', 'fdsa', '122222222222222222', 'fdsa', '1', 'fdsa', 'fdsa@qq.com', 0x646464646464646464646464646464646464646464646464646464646464646464646464646464646464646464646464646464646464646464646464646464646464646464646464646464646464646464646464646464646464646464646464646464646464646464646464646464646464646464646464646464646464646464646464646464646464646464646464646464646464646464646464646464646464646464646464646464646464646464646464646464646464646464646464646464646464646464646464646464646464646464646464646464646464646464646464646464646464646464646464646464646464646464646464646464646464646464646464646464646464646464646464646464646464646464646464646464646464646464646464646464646464646464646464646464646464646464646464646464646464646464646464646464646464646464646464646464646464646464646464646464646464646464646464646464646464646464646464646464646464646464646464646464646464646464646464646464646464646464646464646464646464646464646464646464646464646464646464646464646464646464646464646464646464646464646464646464646464646464646464646464646464646464646464646464646464646464646464646464646464646464646464646464646464646464646464646464646464646464646464646464646464646464646464646464646464646464646464646464646464646464646464646464646464646464646464646464646464646464646464646464646464646464646464646464646464646464646464646464646464646464646464646464646464646464646464, '12222222222', '男', 'fdsa', 'fsdafsd@qq.com', 'pic_head_1432746398882.jpg', 'pic_identify_1432746398912.jpg', 'fsafdsa', 'fsdaf');
INSERT INTO `seller_validate_info` VALUES ('12', '27', 'fdsfsd', '122222222222222222', 'gfds', '1', 'gfds', 'gfd@qq.com', 0x646464646464646464646464646464646464646464646464646464646464646464646464646464646464646464646464646464646464646464646464646464646464646464646464646464646464646464646464646464646464646464646464646464646464646464646464646464646464646464646464646464646464646464646464646464646464646464646464646464646464646464646464646464646464646464646464646464646464646464646464646464646464646464646464646464646464646464646464646464646464646464646464646464646464646464646464646464646464646464646464646464646464646464646464646464646464646464646464646464646464646464646464646464646464646464646464646464646464646464646464646464646464646464646464646464646464646464646464646464646464646464646464646464646464646464646464646464646464646464646464646464646464646464646464646464646464646464646464646464646464646464646464646464646464646464646464646464646464646464646464646464646464646464646464646464646464646464646464646464646464646464646464646464646464646464646464646464646464646464646464646464646464646464646464646464646464646464646464646464646464646464646464646464646464646464646464646464646464646464646464646464646464646464646464646464646464646464646464646464646464646464646464646464646464646464646464646464646464646464646464646464646464646464646464646464646464646464646464646464646464646464646464646464646464646464646464, '12222222222', '男', 'fdsfds', 'fdsfsd@qq.com', 'pic_head_1432745606978.jpg', 'pic_identify_1432745607008.jpg', 'gfdg', 'fdsg');
INSERT INTO `seller_validate_info` VALUES ('13', '28', 'fdsa', '122222222221222222', 'fdsf', '1', 'fdsa', 'fdsafds@qq.com', 0x646464646464646464646464646464646464646464646464646464646464646464646464646464646464646464646464646464646464646464646464646464646464646464646464646464646464646464646464646464646464646464646464646464646464646464646464646464646464646464646464646464646464646464646464646464646464646464646464646464646464646464646464646464646464646464646464646464646464646464646464646464646464646464646464646464646464646464646464646464646464646464646464646464646464646464646464646464646464646464646464646464646464646464646464646464646464646464646464646464646464646464646464646464646464646464646464646464646464646464646464646464646464646464646464646464646464646464646464646464646464646464646464646464646464646464646464646464646464646464646464646464646464646464646464646464646464646464646464646464646464646464646464646464646464646464646464646464646464646464646464646464646464646464646464646464646464646464646464646464646464646464646464646464646464646464646464646464646464646464646464646464646464646464646464646464646464646464646464646464646464646464646464646464646464646464646464646464646464646464646464646464646464646464646464646464646464646464646464646464646464646464646464646464646464646464646464646464646464646464646464646464646464646464646464646464646464646464646464646464646464646464646464646464646464646464646464, '12222222222', '男', '12222', 'fsdafsd@qq.com', 'pic_head_1432746597390.jpg', 'pic_identify_1432746597420.jpg', 'fdsa', 'fds');
INSERT INTO `seller_validate_info` VALUES ('14', '29', 'cxzczxc', '122222222221222222', 'fdsa', '1', 'fdsa', 'fdsa@qq.com', 0x646464646464646464646464646464646464646464646464646464646464646464646464646464646464646464646464646464646464646464646464646464646464646464646464646464646464646464646464646464646464646464646464646464646464646464646464646464646464646464646464646464646464646464646464646464646464646464646464646464646464646464646464646464646464646464646464646464646464646464646464646464646464646464646464646464646464646464646464646464646464646464646464646464646464646464646464646464646464646464646464646464646464646464646464646464646464646464646464646464646464646464646464646464646464646464646464646464646464646464646464646464646464646464646464646464646464646464646464646464646464646464646464646464646464646464646464646464646464646464646464646464646464646464646464646464646464646464646464646464646464646464646464646464646464646464646464646464646464646464646464646464646464646464646464646464646464646464646464646464646464646464646464646464646464646464646464646464646464646464646464646464646464646464646464646464646464646464646464646464646464646464646464646464646464646464646464646464646464646464646464646464646464646464646464646464646464646464646464646464646464646464646464646464646464646464646464646464646464646464646464646464646464646464646464646464646464646464646464646464646464646464646464646464646464646464646464, '12222222222', '男', 'fdsf', 'vcxzcx@qe.com', 'pic_head_1432746775801.jpg', 'pic_identify_1432746775831.jpg', 'fdsfsd', 'fds');
